사고번호,사고일시,요일,시군구,사고내용,사망자수,중상자수,경상자수,부상신고자수,사고유형,법규위반,노면상태,기상상태,도로형태,가해운전자 차종,가해운전자 성별,가해운전자 연령,가해운전자 상해정도,피해운전자 차종,피해운전자 성별,피해운전자 연령,피해운전자 상해정도
2018042300100499,2018년 4월 23일 20시,월요일,부산광역시 남구 대연동,경상사고,0,0,1,0,차대사람 - 길가장자리구역통행중,안전운전불이행,포장 - 젖음/습기,비,단일로 - 기타,이륜,남,26세,상해없음,보행자,남,73세,경상
2018042300100500,2018년 4월 23일 20시,월요일,부산광역시 동래구 온천동,중상사고,0,1,0,0,차대사람 - 횡단중,신호위반,포장 - 젖음/습기,비,교차로 - 교차로횡단보도내,승합,남,51세,상해없음,보행자,여,63세,중상
2018042300100539,2018년 4월 23일 21시,월요일,부산광역시 서구 서대신동2가,중상사고,0,1,0,0,차대사람 - 횡단중,안전운전불이행,포장 - 젖음/습기,비,단일로 - 기타,승용,남,47세,상해없음,보행자,남,52세,중상
2018042300100540,2018년 4월 23일 21시,월요일,부산광역시 동래구 온천동,중상사고,0,1,0,0,차대사람 - 차도통행중,안전운전불이행,포장 - 젖음/습기,비,단일로 - 기타,원동기,남,27세,상해없음,보행자,남,57세,중상
2018042300100580,2018년 4월 23일 22시,월요일,부산광역시 연제구 연산동,경상사고,0,0,1,0,차대사람 - 횡단중,보행자보호의무위반,포장 - 젖음/습기,비,단일로 - 기타,기타불명,기타불명,미분류,기타불명,보행자,여,48세,경상
2018042300100581,2018년 4월 23일 22시,월요일,부산광역시 사상구 괘법동,사망사고,1,0,0,0,차대사람 - 횡단중,과속,포장 - 젖음/습기,비,단일로 - 기타,승용,남,28세,상해없음,보행자,남,49세,사망
2018042300100582,2018년 4월 23일 22시,월요일,부산광역시 사상구 주례동,중상사고,0,1,0,0,차대사람 - 기타,보행자보호의무위반,포장 - 젖음/습기,비,교차로 - 교차로횡단보도내,승용,남,24세,상해없음,보행자,여,65세,중상
2018042300100615,2018년 4월 23일 23시,월요일,부산광역시 사하구 괴정동,중상사고,0,1,0,0,차대사람 - 횡단중,신호위반,포장 - 젖음/습기,비,미분류 - 미분류,이륜,남,26세,상해없음,보행자,여,22세,중상
2018042400100054,2018년 4월 24일 05시,화요일,부산광역시 사상구 감전동,경상사고,0,0,1,0,차대사람 - 횡단중,안전운전불이행,비포장 - 젖음/습기,비,단일로 - 기타,화물,남,61세,상해없음,보행자,여,67세,경상
2018042400100244,2018년 4월 24일 12시,화요일,부산광역시 사하구 괴정동,경상사고,0,0,1,0,차대사람 - 길가장자리구역통행중,안전운전불이행,포장 - 건조,맑음,단일로 - 기타,화물,남,52세,상해없음,보행자,여,49세,경상
2018042400100277,2018년 4월 24일 13시,화요일,부산광역시 동래구 명륜동,중상사고,0,1,0,0,차대사람 - 횡단중,안전운전불이행,포장 - 건조,맑음,단일로 - 기타,화물,남,67세,상해없음,보행자,여,81세,중상
2018042400100337,2018년 4월 24일 15시,화요일,부산광역시 연제구 연산동,경상사고,0,0,1,0,차대사람 - 길가장자리구역통행중,안전운전불이행,포장 - 건조,맑음,단일로 - 기타,승용,남,34세,상해없음,보행자,남,84세,경상
2018042400100388,2018년 4월 24일 16시,화요일,부산광역시 영도구 동삼동,중상사고,0,1,0,0,차대사람 - 횡단중,안전운전불이행,포장 - 건조,맑음,단일로 - 기타,화물,남,50세,상해없음,보행자,남,11세,중상
2018042400100389,2018년 4월 24일 16시,화요일,부산광역시 사하구 괴정동,중상사고,0,1,0,0,차대사람 - 횡단중,안전운전불이행,포장 - 건조,맑음,교차로 - 교차로안,승용,여,52세,상해없음,보행자,여,59세,중상
2018042400100390,2018년 4월 24일 16시,화요일,부산광역시 연제구 연산동,경상사고,0,0,1,0,차대사람 - 길가장자리구역통행중,안전운전불이행,포장 - 건조,맑음,단일로 - 기타,승용,남,20세,상해없음,보행자,여,64세,경상
2018042400100460,2018년 4월 24일 18시,화요일,부산광역시 영도구 동삼동,중상사고,0,1,0,0,차대사람 - 횡단중,안전운전불이행,포장 - 건조,맑음,단일로 - 기타,승용,여,37세,상해없음,보행자,남,3세,중상
2018042500100096,2018년 4월 25일 08시,수요일,부산광역시 부산진구 양정동,중상사고,0,1,0,0,차대사람 - 횡단중,보행자보호의무위반,포장 - 건조,맑음,단일로 - 기타,화물,남,63세,상해없음,보행자,여,25세,중상
2018042500100202,2018년 4월 25일 11시,수요일,부산광역시 남구 대연동,경상사고,0,0,1,0,차대사람 - 기타,안전운전불이행,포장 - 건조,맑음,기타 - 기타,화물,남,43세,상해없음,보행자,남,63세,경상
2018042500100336,2018년 4월 25일 15시,수요일,부산광역시 남구 용호동,중상사고,0,1,0,0,차대사람 - 길가장자리구역통행중,안전운전불이행,포장 - 건조,맑음,단일로 - 기타,승용,여,60세,상해없음,보행자,여,59세,중상
2018042500100412,2018년 4월 25일 17시,수요일,부산광역시 해운대구 석대동,사망사고,1,0,0,0,차대사람 - 횡단중,안전운전불이행,포장 - 건조,맑음,단일로 - 기타,특수,남,53세,상해없음,보행자,여,59세,사망
2018042600100057,2018년 4월 26일 06시,목요일,부산광역시 금정구 남산동,중상사고,0,1,0,0,차대사람 - 기타,안전운전불이행,포장 - 건조,맑음,교차로 - 교차로안,기타불명,기타불명,미분류,기타불명,보행자,여,51세,중상
2018042600100187,2018년 4월 26일 11시,목요일,부산광역시 해운대구 중동,중상사고,0,1,0,0,차대사람 - 횡단중,보행자보호의무위반,포장 - 건조,맑음,교차로 - 교차로횡단보도내,승용,남,46세,상해없음,보행자,남,71세,중상
2018042600100251,2018년 4월 26일 13시,목요일,부산광역시 서구 남부민동,중상사고,0,1,0,0,차대사람 - 횡단중,안전운전불이행,포장 - 건조,맑음,교차로 - 교차로안,승합,남,48세,상해없음,보행자,여,62세,중상
2018042600100252,2018년 4월 26일 13시,목요일,부산광역시 금정구 부곡동,부상신고사고,0,0,0,1,차대사람 - 기타,안전운전불이행,포장 - 건조,맑음,교차로 - 교차로안,원동기,남,49세,상해없음,보행자,여,24세,부상신고
2018042600100320,2018년 4월 26일 15시,목요일,부산광역시 서구 충무동1가,경상사고,0,0,1,0,차대사람 - 길가장자리구역통행중,안전운전불이행,포장 - 건조,맑음,단일로 - 기타,승용,남,29세,상해없음,보행자,여,60세,경상
2018042600100551,2018년 4월 26일 22시,목요일,부산광역시 수영구 광안동,중상사고,0,1,0,0,차대사람 - 길가장자리구역통행중,안전운전불이행,포장 - 건조,맑음,단일로 - 기타,승용,남,77세,상해없음,보행자,남,52세,중상
2018042700100039,2018년 4월 27일 03시,금요일,부산광역시 동구 범일동,경상사고,0,0,1,0,차대사람 - 기타,안전운전불이행,포장 - 건조,맑음,단일로 - 기타,승용,남,62세,상해없음,보행자,여,53세,경상
2018042700100175,2018년 4월 27일 10시,금요일,부산광역시 사상구 엄궁동,중상사고,0,1,0,0,차대사람 - 기타,안전운전불이행,포장 - 건조,맑음,단일로 - 기타,화물,남,38세,상해없음,보행자,남,65세,중상
2018042700100281,2018년 4월 27일 14시,금요일,부산광역시 동래구 사직동,경상사고,0,0,1,0,차대사람 - 차도통행중,기타,포장 - 건조,맑음,단일로 - 기타,화물,남,45세,기타불명,보행자,남,10세,경상
2018042700100282,2018년 4월 27일 14시,금요일,부산광역시 부산진구 부전동,중상사고,0,1,0,0,차대사람 - 기타,보행자보호의무위반,포장 - 건조,맑음,기타 - 기타,화물,남,40세,상해없음,보행자,남,56세,중상
2018042700100317,2018년 4월 27일 15시,금요일,부산광역시 연제구 연산동,중상사고,0,1,0,0,차대사람 - 횡단중,안전운전불이행,포장 - 건조,맑음,단일로 - 기타,승용,남,47세,상해없음,보행자,여,11세,중상
2018042700100449,2018년 4월 27일 18시,금요일,부산광역시 서구 토성동2가,경상사고,0,0,1,0,차대사람 - 길가장자리구역통행중,안전운전불이행,포장 - 건조,맑음,교차로 - 교차로안,승용,남,66세,상해없음,보행자,남,14세,경상
2018042700100537,2018년 4월 27일 20시,금요일,부산광역시 동구 초량동,경상사고,0,0,1,0,차대사람 - 차도통행중,안전운전불이행,포장 - 건조,맑음,단일로 - 기타,승용,남,27세,상해없음,보행자,남,29세,경상
2018042700100603,2018년 4월 27일 22시,금요일,부산광역시 연제구 거제동,중상사고,0,1,0,0,차대사람 - 횡단중,보행자보호의무위반,포장 - 건조,맑음,교차로 - 교차로횡단보도내,승용,여,55세,상해없음,보행자,남,42세,중상
2018042700100635,2018년 4월 27일 23시,금요일,부산광역시 부산진구 부전동,중상사고,0,1,0,0,차대사람 - 기타,안전운전불이행,포장 - 건조,맑음,단일로 - 기타,승용,남,27세,상해없음,보행자,남,48세,중상
2018042800100089,2018년 4월 28일 05시,토요일,부산광역시 중구 영주동,중상사고,0,1,0,0,차대사람 - 횡단중,보행자보호의무위반,포장 - 건조,맑음,교차로 - 교차로안,화물,남,49세,상해없음,보행자,남,75세,중상
2018042800100204,2018년 4월 28일 10시,토요일,부산광역시 북구 덕천동,중상사고,0,1,0,0,차대사람 - 기타,안전운전불이행,포장 - 건조,맑음,단일로 - 기타,승용,남,22세,상해없음,보행자,여,69세,중상
2018042800100510,2018년 4월 28일 18시,토요일,부산광역시 부산진구 범천동,경상사고,0,0,1,0,차대사람 - 길가장자리구역통행중,안전운전불이행,포장 - 건조,맑음,단일로 - 기타,승용,남,50세,상해없음,보행자,여,24세,경상
2018042800100511,2018년 4월 28일 18시,토요일,부산광역시 금정구 부곡동,경상사고,0,0,1,0,차대사람 - 기타,안전운전불이행,포장 - 건조,맑음,단일로 - 기타,승용,남,61세,상해없음,보행자,남,52세,경상
2018042800100543,2018년 4월 28일 19시,토요일,부산광역시 남구 문현동,중상사고,0,1,0,0,차대사람 - 기타,안전운전불이행,포장 - 건조,맑음,교차로 - 교차로안,승용,남,45세,상해없음,보행자,남,75세,중상
2018042900100004,2018년 4월 29일 00시,일요일,부산광역시 남구 대연동,경상사고,0,0,1,0,차대사람 - 기타,안전운전불이행,포장 - 건조,맑음,단일로 - 기타,승용,남,49세,상해없음,보행자,남,27세,경상
2018042900100007,2018년 4월 29일 00시,일요일,부산광역시 동래구 안락동,중상사고,0,1,0,0,차대사람 - 횡단중,안전운전불이행,포장 - 건조,맑음,교차로 - 교차로안,승용,남,69세,상해없음,보행자,남,39세,중상
2018042900100121,2018년 4월 29일 09시,일요일,부산광역시 해운대구 우동,중상사고,0,1,0,0,차대사람 - 횡단중,신호위반,포장 - 건조,맑음,단일로 - 기타,승합,남,55세,상해없음,보행자,여,44세,중상
2018042900100141,2018년 4월 29일 10시,일요일,부산광역시 동구 범일동,중상사고,0,1,0,1,차대사람 - 기타,안전운전불이행,포장 - 건조,맑음,단일로 - 기타,승용,남,72세,부상신고,보행자,여,63세,중상
2018042900100230,2018년 4월 29일 13시,일요일,부산광역시 남구 대연동,중상사고,0,1,0,0,차대사람 - 길가장자리구역통행중,보행자보호의무위반,포장 - 건조,맑음,교차로 - 교차로부근,승용,남,45세,상해없음,보행자,남,10세,중상
2018042900100258,2018년 4월 29일 14시,일요일,부산광역시 해운대구 좌동,중상사고,0,1,0,0,차대사람 - 횡단중,보행자보호의무위반,포장 - 건조,맑음,교차로 - 교차로횡단보도내,개인형이동수단(PM),남,28세,상해없음,보행자,여,18세,중상
2018042900100259,2018년 4월 29일 14시,일요일,부산광역시 금정구 부곡동,중상사고,0,1,0,0,차대사람 - 횡단중,안전운전불이행,포장 - 건조,맑음,교차로 - 교차로부근,자전거,남,13세,상해없음,보행자,여,21세,중상
2018042900100293,2018년 4월 29일 15시,일요일,부산광역시 부산진구 연지동,중상사고,0,1,0,0,차대사람 - 횡단중,신호위반,포장 - 건조,맑음,교차로 - 교차로횡단보도내,승용,남,52세,상해없음,보행자,여,36세,중상
2018042900100332,2018년 4월 29일 16시,일요일,부산광역시 영도구 동삼동,중상사고,0,1,0,0,차대사람 - 횡단중,보행자보호의무위반,포장 - 건조,맑음,교차로 - 교차로안,승용,남,49세,상해없음,보행자,남,55세,중상
2018042900100410,2018년 4월 29일 18시,일요일,부산광역시 남구 문현동,중상사고,0,1,0,0,차대사람 - 기타,안전운전불이행,포장 - 기타,기타,기타 - 기타,기타불명,기타불명,미분류,기타불명,보행자,여,70세,중상
2018043000100097,2018년 4월 30일 08시,월요일,부산광역시 영도구 신선동1가,경상사고,0,0,2,0,차대사람 - 횡단중,보행자보호의무위반,포장 - 건조,맑음,단일로 - 기타,승용,남,72세,상해없음,보행자,여,52세,경상
2018043000100139,2018년 4월 30일 09시,월요일,부산광역시 사상구 주례동,사망사고,1,0,0,0,차대사람 - 횡단중,안전운전불이행,포장 - 건조,맑음,단일로 - 기타,이륜,남,54세,상해없음,보행자,여,68세,사망
2018043000100245,2018년 4월 30일 12시,월요일,부산광역시 중구 남포동6가,경상사고,0,0,1,0,차대사람 - 기타,안전운전불이행,포장 - 건조,맑음,단일로 - 기타,이륜,남,16세,상해없음,보행자,남,40세,경상
2018043000100248,2018년 4월 30일 12시,월요일,부산광역시 강서구 대저2동,중상사고,0,1,0,0,차대사람 - 기타,기타,포장 - 건조,맑음,기타 - 기타,승용,여,34세,상해없음,보행자,남,23세,중상
2018043000100312,2018년 4월 30일 14시,월요일,부산광역시 서구 부용동2가,중상사고,0,1,0,0,차대사람 - 횡단중,보행자보호의무위반,포장 - 건조,맑음,단일로 - 기타,승합,남,44세,상해없음,보행자,남,9세,중상
2018043000100385,2018년 4월 30일 16시,월요일,부산광역시 중구 신창동4가,부상신고사고,0,0,0,1,차대사람 - 횡단중,보행자보호의무위반,포장 - 건조,맑음,단일로 - 기타,승용,여,42세,상해없음,보행자,남,84세,부상신고
2018043000100472,2018년 4월 30일 18시,월요일,부산광역시 남구 용호동,중상사고,0,1,0,0,차대사람 - 기타,안전운전불이행,포장 - 건조,맑음,교차로 - 교차로안,화물,남,45세,상해없음,보행자,여,68세,중상
2018043000100475,2018년 4월 30일 18시,월요일,부산광역시 사상구 괘법동,경상사고,0,0,1,1,차대사람 - 횡단중,안전운전불이행,포장 - 건조,맑음,단일로 - 기타,이륜,남,24세,부상신고,보행자,남,29세,경상
2018043000100519,2018년 4월 30일 19시,월요일,부산광역시 금정구 장전동,중상사고,0,1,0,0,차대사람 - 기타,안전운전불이행,포장 - 건조,맑음,단일로 - 기타,이륜,남,34세,상해없음,보행자,남,39세,중상
2018050100100037,2018년 5월 1일 02시,화요일,부산광역시 남구 대연동,경상사고,0,0,1,0,차대사람 - 횡단중,안전운전불이행,포장 - 건조,맑음,기타 - 기타,승용,남,66세,상해없음,보행자,남,57세,경상
2018050100100182,2018년 5월 1일 11시,화요일,부산광역시 수영구 남천동,부상신고사고,0,0,0,1,차대사람 - 기타,신호위반,포장 - 건조,맑음,단일로 - 기타,승용,남,46세,상해없음,보행자,남,35세,부상신고
2018050100100208,2018년 5월 1일 12시,화요일,부산광역시 중구 부평동2가,경상사고,0,0,1,0,차대사람 - 길가장자리구역통행중,안전운전불이행,포장 - 건조,맑음,단일로 - 기타,승용,남,59세,상해없음,보행자,여,49세,경상
2018050100100303,2018년 5월 1일 15시,화요일,부산광역시 사하구 장림동,경상사고,0,0,2,0,차대사람 - 길가장자리구역통행중,안전운전불이행,포장 - 건조,맑음,단일로 - 기타,승합,남,40세,상해없음,보행자,여,13세,경상
2018050100100369,2018년 5월 1일 17시,화요일,부산광역시 동래구 명장동,경상사고,0,0,1,0,차대사람 - 보도통행중,기타,포장 - 건조,맑음,단일로 - 기타,이륜,남,59세,상해없음,보행자,여,13세,경상
2018050100100422,2018년 5월 1일 19시,화요일,부산광역시 남구 문현동,중상사고,0,1,0,0,차대사람 - 횡단중,안전운전불이행,포장 - 건조,맑음,단일로 - 기타,이륜,남,28세,상해없음,보행자,여,47세,중상
2018050100100480,2018년 5월 1일 21시,화요일,부산광역시 사상구 덕포동,경상사고,0,0,1,0,차대사람 - 횡단중,안전운전불이행,포장 - 건조,맑음,단일로 - 기타,승용,여,45세,상해없음,보행자,남,55세,경상
2018050200100048,2018년 5월 2일 05시,수요일,부산광역시 금정구 장전동,중상사고,0,1,1,0,차대사람 - 횡단중,신호위반,포장 - 젖음/습기,비,단일로 - 기타,화물,남,41세,상해없음,보행자,여,71세,중상
2018050200100084,2018년 5월 2일 07시,수요일,부산광역시 연제구 연산동,중상사고,0,1,0,0,차대사람 - 횡단중,안전운전불이행,포장 - 젖음/습기,비,단일로 - 기타,화물,남,72세,상해없음,보행자,여,57세,중상
2018050200100113,2018년 5월 2일 08시,수요일,부산광역시 동래구 온천동,경상사고,0,0,1,0,차대사람 - 횡단중,신호위반,포장 - 젖음/습기,비,교차로 - 교차로횡단보도내,승용,남,75세,상해없음,보행자,남,60세,경상
2018050200100114,2018년 5월 2일 08시,수요일,부산광역시 금정구 금사동,경상사고,0,0,1,0,차대사람 - 기타,안전운전불이행,포장 - 젖음/습기,비,단일로 - 기타,승용,여,50세,상해없음,보행자,여,14세,경상
2018050200100262,2018년 5월 2일 12시,수요일,부산광역시 사하구 하단동,중상사고,0,1,0,0,차대사람 - 보도통행중,보행자보호의무위반,포장 - 건조,맑음,기타 - 기타,화물,남,57세,상해없음,보행자,여,76세,중상
2018050200100263,2018년 5월 2일 12시,수요일,부산광역시 연제구 거제동,경상사고,0,0,1,0,차대사람 - 횡단중,보행자보호의무위반,포장 - 건조,맑음,교차로 - 교차로횡단보도내,승용,여,30세,상해없음,보행자,여,20세,경상
2018050200100361,2018년 5월 2일 15시,수요일,부산광역시 금정구 회동동,경상사고,0,0,1,0,차대사람 - 기타,안전운전불이행,포장 - 건조,맑음,단일로 - 기타,승용,여,46세,상해없음,보행자,여,18세,경상
2018050200100393,2018년 5월 2일 16시,수요일,부산광역시 해운대구 중동,경상사고,0,0,1,0,차대사람 - 기타,안전운전불이행,포장 - 건조,맑음,단일로 - 기타,승용,여,57세,상해없음,보행자,남,62세,경상
2018050200100431,2018년 5월 2일 17시,수요일,부산광역시 부산진구 부암동,사망사고,1,0,0,0,차대사람 - 기타,보행자보호의무위반,포장 - 건조,맑음,교차로 - 교차로부근,승용,남,54세,상해없음,보행자,남,63세,사망
2018050200100432,2018년 5월 2일 17시,수요일,부산광역시 부산진구 양정동,경상사고,0,0,1,0,차대사람 - 기타,안전운전불이행,포장 - 건조,맑음,단일로 - 기타,승용,여,59세,상해없음,보행자,남,55세,경상
2018050200100433,2018년 5월 2일 17시,수요일,부산광역시 연제구 연산동,중상사고,0,1,0,0,차대사람 - 횡단중,안전운전불이행,포장 - 건조,맑음,교차로 - 교차로안,승용,남,50세,상해없음,보행자,여,69세,중상
2018050200100464,2018년 5월 2일 18시,수요일,부산광역시 사하구 구평동,경상사고,0,0,1,0,차대사람 - 횡단중,안전운전불이행,포장 - 건조,맑음,교차로 - 교차로횡단보도내,승용,남,50세,상해없음,보행자,남,34세,경상
2018050200100526,2018년 5월 2일 20시,수요일,부산광역시 남구 대연동,경상사고,0,0,1,0,차대사람 - 기타,안전운전불이행,포장 - 건조,맑음,교차로 - 교차로부근,화물,남,58세,상해없음,보행자,남,34세,경상
2018050200100527,2018년 5월 2일 20시,수요일,부산광역시 북구 금곡동,중상사고,0,1,0,0,차대사람 - 기타,안전운전불이행,포장 - 건조,맑음,단일로 - 기타,승용,남,52세,상해없음,보행자,여,70세,중상
2018050200100565,2018년 5월 2일 21시,수요일,부산광역시 동구 초량동,중상사고,0,1,0,0,차대사람 - 차도통행중,안전운전불이행,포장 - 건조,맑음,교차로 - 교차로안,승용,남,50세,상해없음,보행자,여,48세,중상
2018050300100123,2018년 5월 3일 08시,목요일,부산광역시 기장군 기장읍,중상사고,0,1,0,0,차대사람 - 보도통행중,보행자보호의무위반,포장 - 건조,맑음,교차로 - 교차로안,승용,여,41세,상해없음,보행자,여,72세,중상
2018050300100250,2018년 5월 3일 12시,목요일,부산광역시 부산진구 범천동,경상사고,0,0,1,0,차대사람 - 기타,안전운전불이행,포장 - 건조,맑음,단일로 - 기타,승합,남,50세,상해없음,보행자,여,54세,경상
2018050300100280,2018년 5월 3일 13시,목요일,부산광역시 연제구 연산동,중상사고,0,1,0,0,차대사람 - 횡단중,보행자보호의무위반,포장 - 건조,맑음,단일로 - 기타,승용,여,36세,상해없음,보행자,여,82세,중상
2018050300100391,2018년 5월 3일 16시,목요일,부산광역시 금정구 장전동,경상사고,0,0,1,0,차대사람 - 기타,안전운전불이행,포장 - 건조,맑음,단일로 - 기타,이륜,남,56세,상해없음,보행자,여,23세,경상
2018050300100588,2018년 5월 3일 21시,목요일,부산광역시 중구 동광동1가,중상사고,0,1,0,0,차대사람 - 횡단중,보행자보호의무위반,포장 - 건조,맑음,단일로 - 기타,승용,남,37세,상해없음,보행자,여,25세,중상
2018050300100647,2018년 5월 3일 23시,목요일,부산광역시 중구 보수동2가,중상사고,0,1,0,0,차대사람 - 횡단중,안전운전불이행,포장 - 건조,맑음,단일로 - 기타,승용,남,64세,상해없음,보행자,여,55세,중상
2018050400100076,2018년 5월 4일 07시,금요일,부산광역시 서구 서대신동3가,중상사고,0,1,0,0,차대사람 - 횡단중,보행자보호의무위반,포장 - 건조,맑음,교차로 - 교차로횡단보도내,승용,남,55세,상해없음,보행자,남,71세,중상
2018050400100209,2018년 5월 4일 11시,금요일,부산광역시 영도구 대교동2가,경상사고,0,0,1,0,차대사람 - 횡단중,안전운전불이행,포장 - 건조,맑음,단일로 - 기타,승용,여,54세,상해없음,보행자,남,67세,경상
2018050400100236,2018년 5월 4일 12시,금요일,부산광역시 사상구 덕포동,경상사고,0,0,1,0,차대사람 - 횡단중,보행자보호의무위반,포장 - 건조,맑음,단일로 - 기타,승용,남,48세,상해없음,보행자,여,5세,경상
2018050400100257,2018년 5월 4일 13시,금요일,부산광역시 남구 대연동,경상사고,0,0,1,0,차대사람 - 차도통행중,안전운전불이행,포장 - 건조,맑음,단일로 - 기타,승용,여,55세,상해없음,보행자,여,27세,경상
2018050400100304,2018년 5월 4일 14시,금요일,부산광역시 강서구 대저2동,경상사고,0,0,1,0,차대사람 - 횡단중,보행자보호의무위반,포장 - 건조,맑음,단일로 - 기타,승용,여,37세,상해없음,보행자,여,41세,경상
2018050400100445,2018년 5월 4일 17시,금요일,부산광역시 영도구 대평동2가,중상사고,0,1,0,0,차대사람 - 길가장자리구역통행중,안전운전불이행,포장 - 건조,맑음,단일로 - 기타,승용,남,61세,상해없음,보행자,남,52세,중상
2018050400100497,2018년 5월 4일 18시,금요일,부산광역시 동구 초량동,중상사고,0,4,4,0,차대사람 - 기타,기타,포장 - 건조,맑음,단일로 - 기타,승용,남,62세,상해없음,보행자,여,38세,중상
2018050400100541,2018년 5월 4일 19시,금요일,부산광역시 사하구 다대동,중상사고,0,1,0,0,차대사람 - 기타,안전운전불이행,포장 - 건조,맑음,기타 - 기타,승용,남,24세,상해없음,보행자,여,82세,중상
2018050400100692,2018년 5월 4일 23시,금요일,부산광역시 수영구 광안동,경상사고,0,0,2,0,차대사람 - 횡단중,보행자보호의무위반,포장 - 건조,맑음,단일로 - 기타,승용,남,27세,상해없음,보행자,남,57세,경상
2018050500100218,2018년 5월 5일 11시,토요일,부산광역시 중구 남포동5가,경상사고,0,0,1,0,차대사람 - 차도통행중,안전운전불이행,포장 - 건조,맑음,단일로 - 기타,이륜,남,34세,상해없음,보행자,남,41세,경상
2018050500100254,2018년 5월 5일 12시,토요일,부산광역시 영도구 영선동2가,중상사고,0,1,0,0,차대사람 - 길가장자리구역통행중,안전운전불이행,포장 - 건조,맑음,단일로 - 기타,승용,남,61세,상해없음,보행자,여,69세,중상
2018050500100430,2018년 5월 5일 17시,토요일,부산광역시 동래구 수안동,중상사고,0,1,0,0,차대사람 - 횡단중,보행자보호의무위반,포장 - 건조,맑음,교차로 - 교차로안,승용,남,59세,상해없음,보행자,남,59세,중상
2018050500100512,2018년 5월 5일 19시,토요일,부산광역시 금정구 부곡동,중상사고,0,1,0,0,차대사람 - 기타,보행자보호의무위반,포장 - 건조,맑음,교차로 - 교차로안,화물,여,54세,상해없음,보행자,여,69세,중상
2018050600100046,2018년 5월 6일 02시,일요일,부산광역시 북구 덕천동,경상사고,0,0,1,0,차대사람 - 기타,안전운전불이행,포장 - 건조,맑음,단일로 - 기타,승용,남,25세,상해없음,보행자,남,23세,경상
2018050600100118,2018년 5월 6일 08시,일요일,부산광역시 금정구 서동,경상사고,0,0,1,0,차대사람 - 기타,안전운전불이행,포장 - 건조,맑음,단일로 - 기타,화물,남,49세,상해없음,보행자,남,30세,경상
2018050600100238,2018년 5월 6일 14시,일요일,부산광역시 수영구 광안동,경상사고,0,0,1,0,차대사람 - 기타,보행자보호의무위반,포장 - 젖음/습기,비,단일로 - 기타,화물,남,65세,상해없음,보행자,남,37세,경상
2018050600100366,2018년 5월 6일 20시,일요일,부산광역시 수영구 수영동,경상사고,0,0,1,0,차대사람 - 길가장자리구역통행중,안전운전불이행,포장 - 젖음/습기,흐림,단일로 - 기타,승용,여,57세,상해없음,보행자,여,28세,경상
2018050600100367,2018년 5월 6일 20시,일요일,부산광역시 사상구 주례동,중상사고,0,1,0,0,차대사람 - 횡단중,안전운전불이행,포장 - 건조,맑음,기타 - 기타,승합,남,59세,상해없음,보행자,남,61세,중상
2018050600100368,2018년 5월 6일 20시,일요일,부산광역시 기장군 기장읍,중상사고,0,1,0,0,차대사람 - 기타,기타,포장 - 건조,맑음,단일로 - 기타,승용,남,64세,상해없음,보행자,여,75세,중상
2018050600100432,2018년 5월 6일 23시,일요일,부산광역시 동래구 명륜동,중상사고,0,1,0,0,차대사람 - 차도통행중,안전운전불이행,포장 - 건조,맑음,교차로 - 교차로안,승용,남,32세,상해없음,보행자,남,23세,중상
2018050700100023,2018년 5월 7일 01시,월요일,부산광역시 부산진구 부전동,중상사고,0,1,0,0,차대사람 - 기타,안전운전불이행,포장 - 건조,맑음,교차로 - 교차로안,승용,여,42세,상해없음,보행자,여,26세,중상
2018050700100045,2018년 5월 7일 03시,월요일,부산광역시 남구 대연동,경상사고,0,0,1,0,차대사람 - 횡단중,안전운전불이행,포장 - 건조,맑음,기타 - 기타,승용,남,51세,상해없음,보행자,남,54세,경상
2018050700100076,2018년 5월 7일 06시,월요일,부산광역시 연제구 거제동,중상사고,0,1,0,0,차대사람 - 횡단중,안전운전불이행,포장 - 젖음/습기,비,단일로 - 기타,승용,남,63세,상해없음,보행자,여,19세,중상
2018050700100087,2018년 5월 7일 07시,월요일,부산광역시 수영구 민락동,중상사고,0,1,0,0,차대사람 - 기타,안전운전불이행,포장 - 젖음/습기,비,단일로 - 기타,승용,남,49세,상해없음,보행자,여,73세,중상
2018050700100250,2018년 5월 7일 14시,월요일,부산광역시 남구 용호동,중상사고,0,1,0,0,차대사람 - 기타,안전운전불이행,포장 - 건조,흐림,교차로 - 교차로부근,승용,남,75세,상해없음,보행자,여,55세,중상
2018050700100349,2018년 5월 7일 17시,월요일,부산광역시 동래구 사직동,중상사고,0,1,1,0,차대사람 - 기타,안전운전불이행,포장 - 건조,흐림,교차로 - 교차로부근,화물,남,70세,상해없음,보행자,남,11세,중상
2018050700100417,2018년 5월 7일 19시,월요일,부산광역시 남구 문현동,경상사고,0,0,1,0,차대사람 - 횡단중,안전운전불이행,포장 - 건조,맑음,단일로 - 기타,승용,남,64세,상해없음,보행자,남,75세,경상
2018050700100518,2018년 5월 7일 22시,월요일,부산광역시 금정구 서동,부상신고사고,0,0,0,1,차대사람 - 길가장자리구역통행중,안전운전불이행,포장 - 건조,맑음,교차로 - 교차로안,기타불명,기타불명,미분류,기타불명,보행자,남,59세,부상신고
2018050700100539,2018년 5월 7일 23시,월요일,부산광역시 연제구 연산동,중상사고,0,1,0,0,차대사람 - 횡단중,안전운전불이행,포장 - 건조,맑음,단일로 - 기타,이륜,남,20세,상해없음,보행자,여,78세,중상