사고번호,사고일시,요일,시군구,사고내용,사망자수,중상자수,경상자수,부상신고자수,사고유형,법규위반,노면상태,기상상태,도로형태,가해운전자 차종,가해운전자 성별,가해운전자 연령,가해운전자 상해정도,피해운전자 차종,피해운전자 성별,피해운전자 연령,피해운전자 상해정도
2018051800100631,2018년 5월 18일 22시,금요일,부산광역시 부산진구 부전동,사망사고,1,0,0,0,차대사람 - 기타,안전운전불이행,포장 - 건조,맑음,단일로 - 기타,이륜,남,17세,상해없음,보행자,남,51세,사망
2018051900100007,2018년 5월 19일 00시,토요일,부산광역시 북구 덕천동,경상사고,0,0,1,0,차대사람 - 기타,안전운전불이행,포장 - 건조,맑음,기타 - 기타,승용,남,21세,상해없음,보행자,남,33세,경상
2018051900100008,2018년 5월 19일 00시,토요일,부산광역시 사하구 하단동,중상사고,0,1,0,0,차대사람 - 횡단중,보행자보호의무위반,포장 - 건조,맑음,단일로 - 기타,승용,남,30세,상해없음,보행자,남,53세,중상
2018051900100036,2018년 5월 19일 01시,토요일,부산광역시 동구 범일동,사망사고,1,0,1,0,차대사람 - 횡단중,보행자보호의무위반,포장 - 건조,맑음,단일로 - 기타,승용,남,46세,상해없음,보행자,남,52세,사망
2018051900100054,2018년 5월 19일 02시,토요일,부산광역시 남구 대연동,중상사고,0,1,0,0,차대사람 - 횡단중,안전운전불이행,포장 - 건조,맑음,단일로 - 기타,승용,남,62세,상해없음,보행자,남,45세,중상
2018051900100056,2018년 5월 19일 02시,토요일,부산광역시 사하구 당리동,중상사고,0,1,0,0,차대사람 - 횡단중,안전운전불이행,포장 - 건조,맑음,단일로 - 기타,승용,남,32세,상해없음,보행자,남,29세,중상
2018051900100068,2018년 5월 19일 03시,토요일,부산광역시 금정구 구서동,경상사고,0,0,1,0,차대사람 - 차도통행중,기타,포장 - 건조,맑음,단일로 - 기타,승용,남,65세,상해없음,보행자,여,31세,경상
2018051900100149,2018년 5월 19일 08시,토요일,부산광역시 남구 감만동,중상사고,0,1,0,0,차대사람 - 횡단중,보행자보호의무위반,포장 - 건조,맑음,단일로 - 기타,승용,남,34세,상해없음,보행자,남,8세,중상
2018051900100251,2018년 5월 19일 11시,토요일,부산광역시 해운대구 반송동,경상사고,0,0,1,0,차대사람 - 기타,보행자보호의무위반,포장 - 건조,맑음,교차로 - 교차로횡단보도내,승용,여,37세,상해없음,보행자,여,74세,경상
2018051900100462,2018년 5월 19일 16시,토요일,부산광역시 부산진구 부전동,경상사고,0,0,1,0,차대사람 - 횡단중,안전운전불이행,포장 - 건조,맑음,단일로 - 기타,승용,남,27세,상해없음,보행자,여,15세,경상
2018051900100503,2018년 5월 19일 17시,토요일,부산광역시 연제구 연산동,중상사고,0,1,0,0,차대사람 - 차도통행중,안전운전불이행,포장 - 건조,맑음,단일로 - 기타,승용,남,34세,상해없음,보행자,남,69세,중상
2018051900100504,2018년 5월 19일 17시,토요일,부산광역시 강서구 지사동,중상사고,0,1,0,0,차대사람 - 횡단중,보행자보호의무위반,포장 - 건조,맑음,교차로 - 교차로부근,승용,남,46세,상해없음,보행자,남,5세,중상
2018051900100550,2018년 5월 19일 18시,토요일,부산광역시 부산진구 당감동,경상사고,0,0,1,0,차대사람 - 횡단중,기타,포장 - 건조,맑음,단일로 - 기타,승용,여,48세,상해없음,보행자,여,27세,경상
2018051900100552,2018년 5월 19일 18시,토요일,부산광역시 연제구 연산동,중상사고,0,1,0,0,차대사람 - 차도통행중,안전운전불이행,포장 - 건조,맑음,교차로 - 교차로부근,승용,남,25세,상해없음,보행자,남,18세,중상
2018051900100553,2018년 5월 19일 18시,토요일,부산광역시 사상구 주례동,경상사고,0,0,2,0,차대사람 - 횡단중,신호위반,포장 - 건조,맑음,단일로 - 기타,승용,남,58세,경상,보행자,남,62세,경상
2018051900100593,2018년 5월 19일 19시,토요일,부산광역시 사하구 하단동,경상사고,0,0,1,0,차대사람 - 기타,안전운전불이행,포장 - 건조,맑음,단일로 - 기타,승용,남,20세,상해없음,보행자,남,35세,경상
2018051900100656,2018년 5월 19일 21시,토요일,부산광역시 동구 초량동,경상사고,0,0,1,0,차대사람 - 기타,안전운전불이행,포장 - 건조,맑음,단일로 - 기타,승용,남,47세,상해없음,보행자,남,43세,경상
2018051900100657,2018년 5월 19일 21시,토요일,부산광역시 동구 초량동,경상사고,0,0,1,0,차대사람 - 기타,안전운전불이행,포장 - 건조,맑음,단일로 - 기타,승용,남,67세,상해없음,보행자,여,56세,경상
2018051900100658,2018년 5월 19일 21시,토요일,부산광역시 사하구 다대동,중상사고,0,1,0,0,차대사람 - 기타,안전운전불이행,포장 - 건조,맑음,단일로 - 기타,승용,여,51세,상해없음,보행자,남,52세,중상
2018051900100684,2018년 5월 19일 22시,토요일,부산광역시 강서구 명지동,사망사고,1,0,0,0,차대사람 - 기타,안전운전불이행,포장 - 건조,맑음,단일로 - 기타,승용,남,30세,상해없음,보행자,남,52세,사망
2018052000100071,2018년 5월 20일 05시,일요일,부산광역시 부산진구 전포동,경상사고,0,0,1,0,차대사람 - 기타,안전운전불이행,포장 - 건조,맑음,교차로 - 교차로부근,승용,남,25세,상해없음,보행자,여,22세,경상
2018052000100276,2018년 5월 20일 15시,일요일,부산광역시 남구 대연동,경상사고,0,0,1,0,차대사람 - 기타,안전운전불이행,포장 - 건조,흐림,단일로 - 기타,승용,여,38세,상해없음,보행자,남,17세,경상
2018052000100448,2018년 5월 20일 21시,일요일,부산광역시 동래구 온천동,경상사고,0,0,1,0,차대사람 - 기타,안전운전불이행,포장 - 건조,맑음,단일로 - 지하차도(도로)내,승합,남,53세,상해없음,보행자,남,52세,경상
2018052100100159,2018년 5월 21일 10시,월요일,부산광역시 북구 금곡동,중상사고,0,1,0,0,차대사람 - 횡단중,안전운전불이행,포장 - 건조,맑음,단일로 - 기타,승용,여,50세,상해없음,보행자,여,71세,중상
2018052100100160,2018년 5월 21일 10시,월요일,부산광역시 사하구 감천동,경상사고,0,0,1,0,차대사람 - 기타,안전운전불이행,포장 - 건조,맑음,교차로 - 교차로부근,화물,남,50세,상해없음,보행자,남,47세,경상
2018052100100306,2018년 5월 21일 14시,월요일,부산광역시 해운대구 반여동,중상사고,0,1,0,1,차대사람 - 차도통행중,안전운전불이행,포장 - 기타,맑음,단일로 - 기타,이륜,남,19세,부상신고,보행자,여,18세,중상
2018052100100307,2018년 5월 21일 14시,월요일,부산광역시 부산진구 전포동,경상사고,0,0,1,0,차대사람 - 보도통행중,보행자보호의무위반,포장 - 건조,맑음,단일로 - 기타,승합,여,57세,상해없음,보행자,여,8세,경상
2018052100100334,2018년 5월 21일 15시,월요일,부산광역시 남구 대연동,경상사고,0,0,1,0,차대사람 - 기타,안전운전불이행,포장 - 건조,맑음,단일로 - 기타,승용,남,22세,상해없음,보행자,남,43세,경상
2018052100100372,2018년 5월 21일 16시,월요일,부산광역시 부산진구 개금동,경상사고,0,0,1,0,차대사람 - 기타,안전운전불이행,포장 - 건조,맑음,교차로 - 교차로안,승합,남,66세,상해없음,보행자,남,76세,경상
2018052100100517,2018년 5월 21일 20시,월요일,부산광역시 사하구 다대동,경상사고,0,0,3,0,차대사람 - 길가장자리구역통행중,안전운전불이행,포장 - 건조,기타,단일로 - 기타,승용,남,64세,상해없음,보행자,여,62세,경상
2018052100100611,2018년 5월 21일 23시,월요일,부산광역시 부산진구 부암동,경상사고,0,0,1,0,차대사람 - 보도통행중,보행자보호의무위반,포장 - 건조,맑음,교차로 - 교차로횡단보도내,승용,여,53세,상해없음,보행자,남,38세,경상
2018052200100111,2018년 5월 22일 07시,화요일,부산광역시 북구 덕천동,중상사고,0,1,0,0,차대사람 - 횡단중,보행자보호의무위반,포장 - 건조,맑음,교차로 - 교차로횡단보도내,승용,여,59세,상해없음,보행자,여,55세,중상
2018052200100202,2018년 5월 22일 11시,화요일,부산광역시 영도구 동삼동,중상사고,0,4,0,0,차대사람 - 길가장자리구역통행중,안전운전불이행,비포장 - 건조,맑음,기타 - 기타,승용,여,73세,상해없음,보행자,여,60세,중상
2018052200100227,2018년 5월 22일 12시,화요일,부산광역시 남구 대연동,경상사고,0,0,1,0,차대사람 - 횡단중,안전운전불이행,포장 - 건조,맑음,단일로 - 기타,승용,남,57세,상해없음,보행자,남,15세,경상
2018052200100309,2018년 5월 22일 14시,화요일,부산광역시 남구 문현동,경상사고,0,0,1,0,차대사람 - 횡단중,안전운전불이행,포장 - 건조,맑음,교차로 - 교차로부근,승용,남,38세,상해없음,보행자,남,5세,경상
2018052200100375,2018년 5월 22일 16시,화요일,부산광역시 동래구 온천동,경상사고,0,0,1,0,차대사람 - 기타,안전운전불이행,포장 - 건조,맑음,단일로 - 기타,승합,남,71세,상해없음,보행자,여,60세,경상
2018052200100376,2018년 5월 22일 16시,화요일,부산광역시 부산진구 양정동,경상사고,0,0,1,0,차대사람 - 기타,안전운전불이행,포장 - 건조,맑음,단일로 - 기타,승용,남,50세,상해없음,보행자,남,44세,경상
2018052200100471,2018년 5월 22일 19시,화요일,부산광역시 북구 덕천동,중상사고,0,1,0,0,차대사람 - 횡단중,보행자보호의무위반,포장 - 건조,맑음,교차로 - 교차로횡단보도내,승합,남,64세,상해없음,보행자,여,77세,중상
2018052200100509,2018년 5월 22일 20시,화요일,부산광역시 영도구 동삼동,중상사고,0,1,0,0,차대사람 - 횡단중,안전운전불이행,포장 - 젖음/습기,비,단일로 - 기타,승용,남,26세,상해없음,보행자,남,23세,중상
2018052200100587,2018년 5월 22일 22시,화요일,부산광역시 사상구 학장동,경상사고,0,0,2,0,차대사람 - 횡단중,신호위반,포장 - 젖음/습기,비,단일로 - 기타,원동기,남,18세,상해없음,보행자,여,20세,경상
2018052300100102,2018년 5월 23일 08시,수요일,부산광역시 남구 대연동,중상사고,0,1,0,0,차대사람 - 횡단중,보행자보호의무위반,포장 - 건조,맑음,단일로 - 기타,승용,여,36세,상해없음,보행자,여,36세,중상
2018052300100149,2018년 5월 23일 09시,수요일,부산광역시 북구 구포동,중상사고,0,1,0,0,차대사람 - 기타,안전운전불이행,포장 - 젖음/습기,맑음,교차로 - 교차로안,화물,남,59세,상해없음,보행자,여,82세,중상
2018052300100195,2018년 5월 23일 10시,수요일,부산광역시 동래구 안락동,중상사고,0,1,0,0,차대사람 - 횡단중,보행자보호의무위반,포장 - 건조,맑음,교차로 - 교차로안,화물,남,50세,상해없음,보행자,여,19세,중상
2018052300100301,2018년 5월 23일 13시,수요일,부산광역시 남구 대연동,경상사고,0,0,1,0,차대사람 - 횡단중,보행자보호의무위반,포장 - 건조,맑음,단일로 - 기타,승용,남,39세,상해없음,보행자,여,28세,경상
2018052400100105,2018년 5월 24일 08시,목요일,부산광역시 수영구 광안동,경상사고,0,0,1,0,차대사람 - 기타,안전운전불이행,포장 - 건조,맑음,단일로 - 기타,승합,남,52세,상해없음,보행자,여,37세,경상
2018052400100107,2018년 5월 24일 08시,목요일,부산광역시 강서구 지사동,경상사고,0,0,1,0,차대사람 - 횡단중,보행자보호의무위반,포장 - 건조,맑음,교차로 - 교차로횡단보도내,승용,남,44세,상해없음,보행자,남,4세,경상
2018052400100182,2018년 5월 24일 10시,목요일,부산광역시 금정구 부곡동,중상사고,0,1,0,0,차대사람 - 횡단중,보행자보호의무위반,포장 - 건조,맑음,교차로 - 교차로횡단보도내,승용,남,70세,상해없음,보행자,여,87세,중상
2018052400100254,2018년 5월 24일 12시,목요일,부산광역시 중구 창선동2가,중상사고,0,1,0,0,차대사람 - 횡단중,안전운전불이행,포장 - 건조,맑음,단일로 - 기타,화물,남,68세,상해없음,보행자,남,43세,중상
2018052400100289,2018년 5월 24일 13시,목요일,부산광역시 사상구 모라동,경상사고,0,0,1,0,차대사람 - 횡단중,신호위반,포장 - 건조,맑음,교차로 - 교차로횡단보도내,승용,남,26세,상해없음,보행자,여,57세,경상
2018052400100372,2018년 5월 24일 16시,목요일,부산광역시 해운대구 반송동,경상사고,0,0,1,0,차대사람 - 차도통행중,안전운전불이행,포장 - 건조,맑음,단일로 - 기타,이륜,남,18세,상해없음,보행자,남,68세,경상
2018052400100567,2018년 5월 24일 21시,목요일,부산광역시 금정구 장전동,경상사고,0,0,1,0,차대사람 - 기타,안전운전불이행,포장 - 건조,맑음,단일로 - 기타,승용,남,64세,상해없음,보행자,여,53세,경상
2018052400100619,2018년 5월 24일 23시,목요일,부산광역시 부산진구 부전동,경상사고,0,0,1,0,차대사람 - 기타,안전운전불이행,포장 - 건조,맑음,단일로 - 기타,승용,남,52세,상해없음,보행자,남,33세,경상
2018052500100004,2018년 5월 25일 00시,금요일,부산광역시 금정구 장전동,경상사고,0,0,1,0,차대사람 - 횡단중,안전운전불이행,포장 - 건조,맑음,교차로 - 교차로부근,승용,남,32세,기타불명,보행자,남,44세,경상
2018052500100022,2018년 5월 25일 01시,금요일,부산광역시 북구 덕천동,중상사고,0,1,0,0,차대사람 - 횡단중,안전운전불이행,포장 - 건조,맑음,교차로 - 교차로부근,승용,남,61세,상해없음,보행자,남,26세,중상
2018052500100038,2018년 5월 25일 02시,금요일,부산광역시 사상구 주례동,경상사고,0,0,1,0,차대사람 - 횡단중,중앙선침범,포장 - 건조,맑음,단일로 - 기타,승용,남,62세,상해없음,보행자,여,66세,경상
2018052500100196,2018년 5월 25일 10시,금요일,부산광역시 부산진구 개금동,경상사고,0,0,1,0,차대사람 - 기타,안전운전불이행,포장 - 건조,맑음,단일로 - 기타,승용,남,24세,상해없음,보행자,남,81세,경상
2018052500100364,2018년 5월 25일 15시,금요일,부산광역시 남구 대연동,경상사고,0,0,1,0,차대사람 - 횡단중,보행자보호의무위반,포장 - 건조,맑음,단일로 - 지하차도(도로)내,승용,남,60세,상해없음,보행자,남,9세,경상
2018052500100365,2018년 5월 25일 15시,금요일,부산광역시 동래구 명륜동,경상사고,0,0,1,0,차대사람 - 횡단중,신호위반,포장 - 건조,맑음,교차로 - 교차로부근,승용,남,44세,상해없음,보행자,여,73세,경상
2018052500100367,2018년 5월 25일 15시,금요일,부산광역시 해운대구 반송동,경상사고,0,0,1,0,차대사람 - 횡단중,안전운전불이행,포장 - 건조,맑음,교차로 - 교차로안,화물,남,56세,상해없음,보행자,남,68세,경상
2018052500100609,2018년 5월 25일 21시,금요일,부산광역시 부산진구 양정동,부상신고사고,0,0,0,1,차대사람 - 횡단중,안전운전불이행,포장 - 건조,맑음,단일로 - 기타,승용,남,37세,상해없음,보행자,남,51세,부상신고
2018052500100675,2018년 5월 25일 23시,금요일,부산광역시 동래구 수안동,경상사고,0,0,1,0,차대사람 - 기타,기타,포장 - 건조,맑음,단일로 - 기타,승합,남,45세,상해없음,보행자,남,23세,경상
2018052600100007,2018년 5월 26일 00시,토요일,부산광역시 사상구 주례동,중상사고,0,1,0,0,차대사람 - 기타,안전운전불이행,포장 - 건조,맑음,교차로 - 교차로부근,승용,여,36세,상해없음,보행자,남,43세,중상
2018052600100025,2018년 5월 26일 01시,토요일,부산광역시 수영구 민락동,중상사고,0,1,0,0,차대사람 - 횡단중,안전운전불이행,포장 - 건조,맑음,단일로 - 기타,이륜,여,25세,상해없음,보행자,여,33세,중상
2018052600100161,2018년 5월 26일 09시,토요일,부산광역시 영도구 봉래동4가,중상사고,0,1,0,0,차대사람 - 차도통행중,안전운전불이행,포장 - 건조,맑음,교차로 - 교차로안,승합,여,57세,상해없음,보행자,여,77세,중상
2018052600100162,2018년 5월 26일 09시,토요일,부산광역시 강서구 명지동,중상사고,0,1,0,0,차대사람 - 기타,안전운전불이행,포장 - 건조,맑음,단일로 - 기타,승용,여,33세,상해없음,보행자,여,55세,중상
2018052600100262,2018년 5월 26일 12시,토요일,부산광역시 중구 대청동4가,중상사고,0,1,0,0,차대사람 - 횡단중,안전운전불이행,포장 - 건조,맑음,교차로 - 교차로안,승용,남,26세,상해없음,보행자,여,78세,중상
2018052600100342,2018년 5월 26일 14시,토요일,부산광역시 해운대구 좌동,경상사고,0,0,1,0,차대사람 - 기타,신호위반,포장 - 건조,맑음,교차로 - 교차로횡단보도내,이륜,남,35세,상해없음,보행자,여,63세,경상
2018052600100608,2018년 5월 26일 21시,토요일,부산광역시 수영구 민락동,부상신고사고,0,0,0,1,차대사람 - 횡단중,보행자보호의무위반,포장 - 건조,맑음,교차로 - 교차로횡단보도내,승용,남,55세,상해없음,보행자,여,18세,부상신고
2018052600100638,2018년 5월 26일 22시,토요일,부산광역시 사하구 괴정동,경상사고,0,0,1,0,차대사람 - 보도통행중,안전운전불이행,포장 - 건조,맑음,단일로 - 기타,기타불명,기타불명,미분류,기타불명,보행자,여,57세,경상
2018052700100040,2018년 5월 27일 02시,일요일,부산광역시 서구 부용동2가,경상사고,0,0,1,0,차대사람 - 기타,안전운전불이행,포장 - 건조,맑음,기타 - 기타,승용,남,64세,상해없음,보행자,남,26세,경상
2018052700100041,2018년 5월 27일 02시,일요일,부산광역시 사하구 신평동,중상사고,0,1,0,0,차대사람 - 기타,안전운전불이행,포장 - 건조,맑음,교차로 - 교차로안,승용,남,63세,상해없음,보행자,여,43세,중상
2018052800100068,2018년 5월 28일 07시,월요일,부산광역시 금정구 부곡동,중상사고,0,1,0,0,차대사람 - 기타,보행자보호의무위반,포장 - 건조,맑음,단일로 - 기타,승용,남,59세,상해없음,보행자,여,76세,중상
2018052800100257,2018년 5월 28일 12시,월요일,부산광역시 연제구 연산동,중상사고,0,1,0,0,차대사람 - 횡단중,신호위반,포장 - 건조,맑음,단일로 - 기타,승용,남,40세,상해없음,보행자,여,51세,중상
2018052800100258,2018년 5월 28일 12시,월요일,부산광역시 사상구 감전동,경상사고,0,0,1,0,차대사람 - 기타,안전운전불이행,포장 - 건조,맑음,단일로 - 기타,화물,남,56세,상해없음,보행자,남,57세,경상
2018052800100421,2018년 5월 28일 17시,월요일,부산광역시 부산진구 가야동,중상사고,0,1,0,0,차대사람 - 기타,안전운전불이행,포장 - 건조,맑음,단일로 - 기타,승합,남,37세,상해없음,보행자,남,47세,중상
2018052800100506,2018년 5월 28일 19시,월요일,부산광역시 부산진구 부전동,부상신고사고,0,0,0,1,차대사람 - 차도통행중,안전운전불이행,포장 - 건조,맑음,단일로 - 기타,화물,남,30세,상해없음,보행자,여,27세,부상신고
2018052800100569,2018년 5월 28일 21시,월요일,부산광역시 사상구 모라동,경상사고,0,0,1,0,차대사람 - 차도통행중,중앙선침범,포장 - 젖음/습기,흐림,단일로 - 기타,승용,기타불명,미분류,기타불명,보행자,남,44세,경상
2018052900100083,2018년 5월 29일 08시,화요일,부산광역시 금정구 부곡동,경상사고,0,0,1,0,차대사람 - 횡단중,기타,포장 - 건조,맑음,교차로 - 교차로안,승용,여,51세,상해없음,보행자,남,8세,경상
2018052900100159,2018년 5월 29일 10시,화요일,부산광역시 강서구 대저2동,중상사고,0,1,0,0,차대사람 - 횡단중,안전운전불이행,포장 - 건조,맑음,단일로 - 기타,승용,여,57세,상해없음,보행자,여,51세,중상
2018052900100307,2018년 5월 29일 15시,화요일,부산광역시 영도구 영선동1가,중상사고,0,2,0,0,차대사람 - 보도통행중,보행자보호의무위반,포장 - 건조,맑음,교차로 - 교차로횡단보도내,승용,남,47세,상해없음,보행자,여,70세,중상
2018052900100397,2018년 5월 29일 17시,화요일,부산광역시 강서구 신호동,중상사고,0,1,1,0,차대사람 - 횡단중,보행자보호의무위반,포장 - 건조,맑음,교차로 - 교차로부근,화물,남,38세,상해없음,보행자,여,66세,중상
2018052900100398,2018년 5월 29일 17시,화요일,부산광역시 사상구 삼락동,경상사고,0,0,1,0,차대사람 - 횡단중,안전운전불이행,포장 - 건조,맑음,단일로 - 기타,자전거,남,22세,상해없음,보행자,여,68세,경상
2018052900100439,2018년 5월 29일 18시,화요일,부산광역시 중구 대청동1가,경상사고,0,0,1,0,차대사람 - 횡단중,안전운전불이행,포장 - 건조,맑음,기타 - 기타,승용,여,42세,상해없음,보행자,남,23세,경상
2018052900100475,2018년 5월 29일 19시,화요일,부산광역시 수영구 민락동,경상사고,0,0,1,0,차대사람 - 보도통행중,안전운전불이행,포장 - 건조,맑음,기타 - 기타,자전거,남,11세,상해없음,보행자,여,2세,경상
2018053000100082,2018년 5월 30일 07시,수요일,부산광역시 사하구 감천동,중상사고,0,1,0,0,차대사람 - 횡단중,안전운전불이행,포장 - 건조,흐림,단일로 - 기타,승용,남,58세,상해없음,보행자,여,77세,중상
2018053000100083,2018년 5월 30일 07시,수요일,부산광역시 수영구 망미동,경상사고,0,0,1,0,차대사람 - 기타,안전운전불이행,포장 - 건조,맑음,단일로 - 기타,화물,남,55세,상해없음,보행자,남,13세,경상
2018053000100085,2018년 5월 30일 07시,수요일,부산광역시 사상구 주례동,경상사고,0,0,1,0,차대사람 - 횡단중,보행자보호의무위반,포장 - 건조,맑음,단일로 - 기타,기타불명,기타불명,미분류,기타불명,보행자,남,14세,경상
2018053000100182,2018년 5월 30일 10시,수요일,부산광역시 동래구 안락동,경상사고,0,0,1,0,차대사람 - 횡단중,보행자보호의무위반,포장 - 건조,맑음,교차로 - 교차로횡단보도내,승용,남,72세,상해없음,보행자,여,37세,경상
2018053000100297,2018년 5월 30일 14시,수요일,부산광역시 서구 서대신동3가,경상사고,0,0,1,0,차대사람 - 차도통행중,안전운전불이행,포장 - 건조,맑음,단일로 - 기타,승용,여,34세,상해없음,보행자,남,11세,경상
2018053000100348,2018년 5월 30일 15시,수요일,부산광역시 사하구 당리동,중상사고,0,1,0,0,차대사람 - 횡단중,보행자보호의무위반,포장 - 건조,맑음,단일로 - 기타,승용,남,70세,상해없음,보행자,여,61세,중상
2018053000100435,2018년 5월 30일 17시,수요일,부산광역시 수영구 광안동,중상사고,0,1,0,0,차대사람 - 횡단중,보행자보호의무위반,포장 - 건조,맑음,단일로 - 기타,이륜,남,17세,상해없음,보행자,여,60세,중상
2018053100100004,2018년 5월 31일 00시,목요일,부산광역시 남구 문현동,중상사고,0,1,1,0,차대사람 - 횡단중,안전운전불이행,포장 - 건조,맑음,단일로 - 기타,승용,남,45세,상해없음,보행자,여,67세,중상
2018053100100185,2018년 5월 31일 09시,목요일,부산광역시 동구 초량동,경상사고,0,0,1,0,차대사람 - 기타,기타,포장 - 건조,맑음,단일로 - 기타,승용,남,51세,상해없음,보행자,남,43세,경상
2018053100100224,2018년 5월 31일 10시,목요일,부산광역시 부산진구 양정동,중상사고,0,1,0,0,차대사람 - 횡단중,신호위반,포장 - 건조,맑음,단일로 - 기타,승용,여,42세,상해없음,보행자,여,81세,중상
2018053100100428,2018년 5월 31일 16시,목요일,부산광역시 사하구 하단동,중상사고,0,1,0,0,차대사람 - 기타,안전운전불이행,포장 - 건조,맑음,기타 - 기타,승용,여,26세,상해없음,보행자,여,56세,중상
2018053100100429,2018년 5월 31일 16시,목요일,부산광역시 수영구 망미동,중상사고,0,1,0,0,차대사람 - 길가장자리구역통행중,기타,포장 - 건조,맑음,단일로 - 기타,승용,여,59세,상해없음,보행자,남,76세,중상
2018053100100430,2018년 5월 31일 16시,목요일,부산광역시 강서구 죽동동,경상사고,0,0,1,0,차대사람 - 기타,안전운전불이행,포장 - 건조,맑음,단일로 - 기타,기타불명,기타불명,미분류,기타불명,보행자,남,38세,경상
2018053100100661,2018년 5월 31일 22시,목요일,부산광역시 기장군 정관읍,경상사고,0,0,1,0,차대사람 - 횡단중,신호위반,포장 - 건조,맑음,교차로 - 교차로부근,이륜,남,52세,상해없음,보행자,여,38세,경상
2018060100100068,2018년 6월 1일 05시,금요일,부산광역시 사상구 엄궁동,중상사고,0,1,1,0,차대사람 - 기타,안전운전불이행,포장 - 건조,맑음,교차로 - 교차로안,원동기,남,18세,상해없음,보행자,남,74세,경상
2018060100100073,2018년 6월 1일 06시,금요일,부산광역시 수영구 광안동,중상사고,0,1,0,0,차대사람 - 기타,신호위반,포장 - 건조,맑음,교차로 - 교차로부근,승용,남,50세,상해없음,보행자,남,24세,중상
2018060100100231,2018년 6월 1일 11시,금요일,부산광역시 남구 문현동,중상사고,0,1,0,0,차대사람 - 횡단중,안전운전불이행,포장 - 건조,맑음,교차로 - 교차로안,승용,남,53세,상해없음,보행자,여,58세,중상
2018060100100233,2018년 6월 1일 11시,금요일,부산광역시 기장군 정관읍,경상사고,0,0,1,0,차대사람 - 기타,신호위반,포장 - 건조,맑음,교차로 - 교차로안,승합,남,67세,상해없음,보행자,여,65세,경상
2018060100100300,2018년 6월 1일 13시,금요일,부산광역시 동구 초량동,경상사고,0,0,1,0,차대사람 - 차도통행중,보행자보호의무위반,포장 - 건조,맑음,단일로 - 기타,승용,남,60세,상해없음,보행자,남,7세,경상
2018060100100455,2018년 6월 1일 17시,금요일,부산광역시 영도구 청학동,경상사고,0,0,1,0,차대사람 - 횡단중,신호위반,포장 - 건조,맑음,단일로 - 기타,이륜,여,51세,상해없음,보행자,여,51세,경상
2018060100100628,2018년 6월 1일 21시,금요일,부산광역시 부산진구 부전동,경상사고,0,0,1,0,차대사람 - 횡단중,보행자보호의무위반,포장 - 건조,맑음,단일로 - 기타,승용,여,45세,상해없음,보행자,남,34세,경상
2018060100100629,2018년 6월 1일 21시,금요일,부산광역시 사상구 덕포동,경상사고,0,0,1,0,차대사람 - 기타,안전운전불이행,포장 - 건조,맑음,기타 - 기타,승용,남,57세,상해없음,보행자,남,59세,경상
2018060100100666,2018년 6월 1일 22시,금요일,부산광역시 북구 덕천동,경상사고,0,0,1,0,차대사람 - 기타,안전운전불이행,포장 - 건조,맑음,단일로 - 기타,승용,여,28세,상해없음,보행자,여,39세,경상
2018060100100708,2018년 6월 1일 23시,금요일,부산광역시 사하구 하단동,경상사고,0,0,1,0,차대사람 - 차도통행중,안전운전불이행,포장 - 건조,맑음,단일로 - 기타,승용,여,57세,상해없음,보행자,남,34세,경상
2018060200100022,2018년 6월 2일 01시,토요일,부산광역시 북구 덕천동,중상사고,0,1,0,0,차대사람 - 횡단중,신호위반,포장 - 건조,맑음,단일로 - 기타,승용,남,20세,상해없음,보행자,남,29세,중상
2018060200100120,2018년 6월 2일 08시,토요일,부산광역시 부산진구 부전동,중상사고,0,1,0,0,차대사람 - 기타,안전운전불이행,포장 - 건조,맑음,교차로 - 교차로부근,개인형이동수단(PM),남,23세,상해없음,보행자,남,64세,중상
2018060200100343,2018년 6월 2일 14시,토요일,부산광역시 부산진구 부암동,중상사고,0,1,0,0,차대사람 - 보도통행중,보행자보호의무위반,포장 - 건조,맑음,단일로 - 기타,자전거,남,71세,상해없음,보행자,남,80세,중상
2018060200100428,2018년 6월 2일 16시,토요일,부산광역시 동구 초량동,경상사고,0,0,1,0,차대사람 - 기타,안전운전불이행,포장 - 건조,맑음,단일로 - 기타,승용,남,56세,상해없음,보행자,여,81세,경상
2018060200100430,2018년 6월 2일 16시,토요일,부산광역시 영도구 남항동1가,경상사고,0,0,1,0,차대사람 - 횡단중,안전운전불이행,포장 - 건조,맑음,단일로 - 기타,승용,남,54세,상해없음,보행자,여,72세,경상
2018060200100432,2018년 6월 2일 16시,토요일,부산광역시 기장군 기장읍,경상사고,0,0,1,0,차대사람 - 기타,안전운전불이행,포장 - 건조,맑음,기타 - 기타,승합,남,50세,상해없음,보행자,여,61세,경상
2018060200100485,2018년 6월 2일 17시,토요일,부산광역시 중구 남포동5가,부상신고사고,0,0,0,1,차대사람 - 길가장자리구역통행중,안전운전불이행,포장 - 건조,맑음,단일로 - 기타,승용,남,53세,상해없음,보행자,여,51세,부상신고
2018060200100488,2018년 6월 2일 17시,토요일,부산광역시 서구 서대신동3가,중상사고,0,1,0,0,차대사람 - 횡단중,안전운전불이행,포장 - 건조,맑음,교차로 - 교차로부근,승용,남,64세,상해없음,보행자,남,71세,중상