사고번호,사고일시,요일,시군구,사고내용,사망자수,중상자수,경상자수,부상신고자수,사고유형,법규위반,노면상태,기상상태,도로형태,가해운전자 차종,가해운전자 성별,가해운전자 연령,가해운전자 상해정도,피해운전자 차종,피해운전자 성별,피해운전자 연령,피해운전자 상해정도
2018102100100314,2018년 10월 21일 16시,일요일,부산광역시 서구 동대신동3가,중상사고,0,1,0,0,차대사람 - 길가장자리구역통행중,안전운전불이행,포장 - 건조,맑음,단일로 - 기타,승용,여,49세,상해없음,보행자,여,80세,중상
2018102100100317,2018년 10월 21일 16시,일요일,부산광역시 부산진구 양정동,중상사고,0,1,0,0,차대사람 - 기타,안전운전불이행,포장 - 건조,맑음,단일로 - 기타,승용,남,43세,상해없음,보행자,여,14세,중상
2018102100100362,2018년 10월 21일 17시,일요일,부산광역시 부산진구 부전동,중상사고,0,1,0,0,차대사람 - 기타,안전운전불이행,포장 - 건조,맑음,단일로 - 기타,승용,여,26세,상해없음,보행자,남,43세,중상
2018102100100481,2018년 10월 21일 20시,일요일,부산광역시 부산진구 당감동,중상사고,0,1,0,0,차대사람 - 차도통행중,안전운전불이행,포장 - 건조,맑음,단일로 - 기타,승용,남,52세,상해없음,보행자,여,78세,중상
2018102200100003,2018년 10월 22일 00시,월요일,부산광역시 부산진구 개금동,경상사고,0,0,1,0,차대사람 - 기타,안전운전불이행,포장 - 건조,맑음,단일로 - 기타,이륜,남,22세,상해없음,보행자,남,20세,경상
2018102200100038,2018년 10월 22일 06시,월요일,부산광역시 서구 남부민동,경상사고,0,0,1,0,차대사람 - 횡단중,보행자보호의무위반,포장 - 건조,맑음,교차로 - 교차로횡단보도내,승용,여,58세,상해없음,보행자,여,63세,경상
2018102200100219,2018년 10월 22일 12시,월요일,부산광역시 영도구 동삼동,중상사고,0,1,0,0,차대사람 - 횡단중,안전운전불이행,포장 - 건조,맑음,단일로 - 기타,이륜,남,18세,상해없음,보행자,여,75세,중상
2018102200100303,2018년 10월 22일 15시,월요일,부산광역시 동래구 명륜동,경상사고,0,0,1,0,차대사람 - 기타,안전운전불이행,포장 - 건조,맑음,교차로 - 교차로안,승용,남,66세,상해없음,보행자,여,70세,경상
2018102200100418,2018년 10월 22일 18시,월요일,부산광역시 해운대구 좌동,중상사고,0,1,0,0,차대사람 - 횡단중,안전운전불이행,포장 - 건조,맑음,교차로 - 교차로횡단보도내,승용,남,27세,상해없음,보행자,여,68세,중상
2018102200100490,2018년 10월 22일 19시,월요일,부산광역시 부산진구 가야동,중상사고,0,1,0,0,차대사람 - 기타,보행자보호의무위반,포장 - 건조,맑음,교차로 - 교차로안,화물,남,47세,상해없음,보행자,남,69세,중상
2018102200100491,2018년 10월 22일 19시,월요일,부산광역시 사상구 주례동,중상사고,0,1,0,0,차대사람 - 횡단중,안전운전불이행,포장 - 건조,맑음,단일로 - 기타,승용,여,58세,상해없음,보행자,남,10세,중상
2018102200100547,2018년 10월 22일 21시,월요일,부산광역시 사하구 장림동,경상사고,0,0,1,0,차대사람 - 기타,안전운전불이행,포장 - 건조,맑음,단일로 - 기타,승합,남,30세,상해없음,보행자,남,45세,경상
2018102200100573,2018년 10월 22일 22시,월요일,부산광역시 수영구 광안동,경상사고,0,0,1,0,차대사람 - 보도통행중,기타,포장 - 건조,맑음,단일로 - 기타,승용,남,30세,상해없음,보행자,여,30세,경상
2018102300100029,2018년 10월 23일 03시,화요일,부산광역시 부산진구 부전동,중상사고,0,1,0,0,차대사람 - 기타,안전운전불이행,포장 - 건조,맑음,교차로 - 교차로횡단보도내,승용,남,41세,상해없음,보행자,남,33세,중상
2018102300100143,2018년 10월 23일 09시,화요일,부산광역시 수영구 광안동,경상사고,0,0,1,0,차대사람 - 횡단중,보행자보호의무위반,포장 - 건조,맑음,단일로 - 기타,승용,남,72세,상해없음,보행자,여,58세,경상
2018102300100268,2018년 10월 23일 13시,화요일,부산광역시 중구 남포동2가,경상사고,0,0,1,0,차대사람 - 기타,안전운전불이행,포장 - 건조,맑음,단일로 - 기타,승합,남,58세,상해없음,보행자,여,61세,경상
2018102300100269,2018년 10월 23일 13시,화요일,부산광역시 해운대구 반여동,경상사고,0,0,1,0,차대사람 - 횡단중,안전운전불이행,포장 - 건조,맑음,단일로 - 기타,승용,여,40세,상해없음,보행자,여,59세,경상
2018102300100290,2018년 10월 23일 14시,화요일,부산광역시 북구 덕천동,중상사고,0,1,0,0,차대사람 - 횡단중,신호위반,포장 - 건조,맑음,단일로 - 기타,승용,여,63세,상해없음,보행자,여,40세,중상
2018102300100291,2018년 10월 23일 14시,화요일,부산광역시 북구 금곡동,경상사고,0,0,1,0,차대사람 - 횡단중,보행자보호의무위반,포장 - 건조,맑음,기타 - 기타,승용,남,72세,상해없음,보행자,여,38세,경상
2018102300100354,2018년 10월 23일 16시,화요일,부산광역시 동래구 안락동,경상사고,0,0,2,0,차대사람 - 기타,보행자보호의무위반,포장 - 건조,맑음,단일로 - 기타,승용,남,75세,상해없음,보행자,남,6세,경상
2018102300100379,2018년 10월 23일 17시,화요일,부산광역시 부산진구 가야동,중상사고,0,1,0,0,차대사람 - 기타,불법유턴,포장 - 건조,맑음,단일로 - 기타,승용,남,63세,상해없음,보행자,여,79세,중상
2018102300100433,2018년 10월 23일 18시,화요일,부산광역시 동구 좌천동,중상사고,0,1,0,0,차대사람 - 기타,안전운전불이행,포장 - 건조,맑음,단일로 - 기타,승용,여,37세,상해없음,보행자,남,68세,중상
2018102300100566,2018년 10월 23일 21시,화요일,부산광역시 해운대구 좌동,경상사고,0,0,2,0,차대사람 - 횡단중,보행자보호의무위반,포장 - 건조,맑음,교차로 - 교차로횡단보도내,승용,남,57세,상해없음,보행자,여,30세,경상
2018102300100609,2018년 10월 23일 23시,화요일,부산광역시 북구 구포동,경상사고,0,0,1,0,차대사람 - 횡단중,보행자보호의무위반,포장 - 건조,맑음,기타 - 기타,승용,여,51세,상해없음,보행자,남,59세,경상
2018102400100101,2018년 10월 24일 08시,수요일,부산광역시 중구 남포동6가,경상사고,0,0,1,0,차대사람 - 차도통행중,안전운전불이행,포장 - 건조,맑음,단일로 - 기타,화물,남,49세,상해없음,보행자,남,55세,경상
2018102400100156,2018년 10월 24일 09시,수요일,부산광역시 북구 만덕동,경상사고,0,0,1,0,차대사람 - 기타,안전운전불이행,포장 - 건조,맑음,단일로 - 기타,승용,여,48세,상해없음,보행자,여,78세,경상
2018102400100157,2018년 10월 24일 09시,수요일,부산광역시 북구 덕천동,경상사고,0,0,1,0,차대사람 - 차도통행중,안전운전불이행,포장 - 건조,맑음,교차로 - 교차로안,특수,남,36세,상해없음,보행자,남,41세,경상
2018102400100293,2018년 10월 24일 13시,수요일,부산광역시 중구 중앙동4가,경상사고,0,0,1,0,차대사람 - 차도통행중,안전운전불이행,포장 - 건조,맑음,단일로 - 기타,승용,남,58세,상해없음,보행자,남,36세,경상
2018102400100294,2018년 10월 24일 13시,수요일,부산광역시 북구 덕천동,중상사고,0,1,0,0,차대사람 - 횡단중,신호위반,포장 - 건조,맑음,교차로 - 교차로횡단보도내,화물,남,30세,상해없음,보행자,남,72세,중상
2018102400100295,2018년 10월 24일 13시,수요일,부산광역시 해운대구 재송동,경상사고,0,0,1,0,차대사람 - 기타,안전운전불이행,포장 - 건조,맑음,단일로 - 기타,화물,여,62세,상해없음,보행자,여,21세,경상
2018102400100426,2018년 10월 24일 16시,수요일,부산광역시 남구 감만동,경상사고,0,0,1,0,차대사람 - 기타,안전운전불이행,포장 - 건조,맑음,단일로 - 기타,승용,남,27세,상해없음,보행자,여,87세,경상
2018102400100524,2018년 10월 24일 18시,수요일,부산광역시 동구 범일동,경상사고,0,0,1,0,차대사람 - 보도통행중,보행자보호의무위반,포장 - 건조,맑음,단일로 - 기타,승용,여,61세,상해없음,보행자,여,63세,경상
2018102400100591,2018년 10월 24일 19시,수요일,부산광역시 남구 대연동,경상사고,0,0,1,0,차대사람 - 차도통행중,안전운전불이행,포장 - 건조,맑음,교차로 - 교차로부근,승용,여,69세,상해없음,보행자,남,58세,경상
2018102400100594,2018년 10월 24일 19시,수요일,부산광역시 사하구 하단동,경상사고,0,0,1,0,차대사람 - 보도통행중,기타,포장 - 건조,기타,단일로 - 교량,이륜,남,59세,상해없음,보행자,남,52세,경상
2018102500100115,2018년 10월 25일 08시,목요일,부산광역시 사하구 신평동,경상사고,0,0,1,0,차대사람 - 차도통행중,안전운전불이행,포장 - 건조,맑음,단일로 - 기타,승용,여,59세,상해없음,보행자,남,25세,경상
2018102500100206,2018년 10월 25일 10시,목요일,부산광역시 동구 수정동,중상사고,0,1,0,0,차대사람 - 기타,안전운전불이행,포장 - 건조,맑음,단일로 - 기타,건설기계,남,55세,상해없음,보행자,여,45세,중상
2018102500100208,2018년 10월 25일 10시,목요일,부산광역시 해운대구 재송동,중상사고,0,1,0,0,차대사람 - 기타,안전운전불이행,포장 - 건조,맑음,단일로 - 기타,승용,남,62세,상해없음,보행자,여,71세,중상
2018102500100239,2018년 10월 25일 11시,목요일,부산광역시 영도구 동삼동,경상사고,0,0,1,0,차대사람 - 횡단중,안전운전불이행,포장 - 건조,맑음,주차장 - 주차장,승용,남,73세,상해없음,보행자,여,46세,경상
2018102500100276,2018년 10월 25일 12시,목요일,부산광역시 동구 초량동,중상사고,0,1,0,1,차대사람 - 기타,안전운전불이행,포장 - 건조,맑음,단일로 - 기타,승용,남,36세,부상신고,보행자,여,73세,중상
2018102500100305,2018년 10월 25일 13시,목요일,부산광역시 중구 동광동5가,경상사고,0,0,1,0,차대사람 - 기타,안전운전불이행,포장 - 건조,맑음,단일로 - 기타,승용,여,40세,상해없음,보행자,여,76세,경상
2018102500100307,2018년 10월 25일 13시,목요일,부산광역시 해운대구 중동,중상사고,0,1,0,0,차대사람 - 차도통행중,안전운전불이행,포장 - 건조,맑음,교차로 - 교차로안,승용,남,40세,상해없음,보행자,여,64세,중상
2018102500100337,2018년 10월 25일 14시,목요일,부산광역시 동구 수정동,경상사고,0,0,1,0,차대사람 - 기타,안전운전불이행,포장 - 건조,맑음,단일로 - 기타,기타불명,기타불명,미분류,기타불명,보행자,여,49세,경상
2018102500100338,2018년 10월 25일 14시,목요일,부산광역시 해운대구 중동,중상사고,0,1,0,0,차대사람 - 횡단중,보행자보호의무위반,포장 - 건조,맑음,교차로 - 교차로안,승용,남,65세,상해없음,보행자,남,10세,중상
2018102500100339,2018년 10월 25일 14시,목요일,부산광역시 금정구 구서동,중상사고,0,1,0,0,차대사람 - 횡단중,보행자보호의무위반,포장 - 건조,맑음,교차로 - 교차로횡단보도내,화물,남,37세,상해없음,보행자,남,25세,중상
2018102500100469,2018년 10월 25일 17시,목요일,부산광역시 동구 수정동,경상사고,0,0,2,0,차대사람 - 길가장자리구역통행중,안전운전불이행,포장 - 건조,맑음,단일로 - 기타,승용,여,66세,상해없음,보행자,여,43세,경상
2018102500100654,2018년 10월 25일 21시,목요일,부산광역시 사하구 다대동,경상사고,0,0,1,0,차대사람 - 기타,안전운전불이행,포장 - 건조,맑음,단일로 - 기타,화물,남,24세,상해없음,보행자,여,48세,경상
2018102600100004,2018년 10월 26일 00시,금요일,부산광역시 사하구 다대동,중상사고,0,1,0,0,차대사람 - 횡단중,안전운전불이행,포장 - 건조,맑음,교차로 - 교차로안,승용,남,62세,상해없음,보행자,남,35세,중상
2018102600100170,2018년 10월 26일 10시,금요일,부산광역시 북구 금곡동,중상사고,0,2,0,0,차대사람 - 횡단중,신호위반,포장 - 건조,맑음,교차로 - 교차로횡단보도내,승용,남,60세,상해없음,보행자,여,78세,중상
2018102600100171,2018년 10월 26일 10시,금요일,부산광역시 북구 만덕동,중상사고,0,2,0,0,차대사람 - 기타,안전운전불이행,포장 - 건조,맑음,단일로 - 기타,승용,남,62세,중상,보행자,여,75세,중상
2018102600100261,2018년 10월 26일 13시,금요일,부산광역시 기장군 일광면,중상사고,0,1,0,0,차대사람 - 횡단중,신호위반,포장 - 건조,맑음,단일로 - 기타,건설기계,남,63세,상해없음,보행자,남,64세,중상
2018102600100590,2018년 10월 26일 20시,금요일,부산광역시 북구 덕천동,경상사고,0,0,1,0,차대사람 - 기타,안전운전불이행,포장 - 건조,맑음,단일로 - 기타,승용,남,64세,상해없음,보행자,남,71세,경상
2018102600100628,2018년 10월 26일 21시,금요일,부산광역시 동래구 명륜동,중상사고,0,1,0,0,차대사람 - 횡단중,안전운전불이행,포장 - 건조,맑음,단일로 - 기타,승용,남,24세,상해없음,보행자,여,58세,중상
2018102600100629,2018년 10월 26일 21시,금요일,부산광역시 부산진구 부암동,중상사고,0,1,0,0,차대사람 - 횡단중,안전운전불이행,포장 - 건조,맑음,교차로 - 교차로안,승용,남,70세,상해없음,보행자,남,52세,중상
2018102700100026,2018년 10월 27일 01시,토요일,부산광역시 해운대구 우동,경상사고,0,0,1,0,차대사람 - 보도통행중,신호위반,포장 - 건조,맑음,단일로 - 기타,승용,남,54세,기타불명,보행자,남,50세,경상
2018102700100137,2018년 10월 27일 08시,토요일,부산광역시 사하구 괴정동,경상사고,0,0,1,0,차대사람 - 기타,안전운전불이행,포장 - 건조,맑음,단일로 - 기타,승용,여,48세,상해없음,보행자,여,47세,경상
2018102700100234,2018년 10월 27일 11시,토요일,부산광역시 금정구 금사동,경상사고,0,0,1,0,차대사람 - 횡단중,보행자보호의무위반,포장 - 건조,맑음,교차로 - 교차로부근,승용,남,59세,상해없음,보행자,여,66세,경상
2018102700100385,2018년 10월 27일 15시,토요일,부산광역시 금정구 구서동,중상사고,0,1,0,0,차대사람 - 차도통행중,안전운전불이행,포장 - 건조,맑음,단일로 - 기타,승용,남,58세,상해없음,보행자,여,70세,중상
2018102700100646,2018년 10월 27일 21시,토요일,부산광역시 동구 초량동,경상사고,0,0,1,0,차대사람 - 기타,안전운전불이행,포장 - 건조,흐림,교차로 - 교차로부근,승용,남,23세,상해없음,보행자,남,47세,경상
2018102700100647,2018년 10월 27일 21시,토요일,부산광역시 수영구 광안동,경상사고,0,0,1,1,차대사람 - 기타,안전운전불이행,포장 - 건조,맑음,단일로 - 기타,이륜,남,24세,부상신고,보행자,여,27세,경상
2018102700100649,2018년 10월 27일 21시,토요일,부산광역시 금정구 남산동,경상사고,0,0,1,0,차대사람 - 차도통행중,안전운전불이행,포장 - 건조,맑음,단일로 - 기타,승용,남,32세,상해없음,보행자,남,42세,경상
2018102700100650,2018년 10월 27일 21시,토요일,부산광역시 금정구 남산동,부상신고사고,0,0,0,1,차대사람 - 횡단중,보행자보호의무위반,포장 - 건조,맑음,단일로 - 기타,기타불명,기타불명,미분류,기타불명,보행자,남,23세,부상신고
2018102700100703,2018년 10월 27일 23시,토요일,부산광역시 사상구 주례동,경상사고,0,0,1,0,차대사람 - 기타,안전운전불이행,포장 - 건조,맑음,단일로 - 기타,승합,남,70세,상해없음,보행자,남,40세,경상
2018102800100096,2018년 10월 28일 07시,일요일,부산광역시 부산진구 전포동,중상사고,0,1,0,0,차대사람 - 횡단중,안전운전불이행,포장 - 건조,맑음,단일로 - 기타,승합,남,56세,상해없음,보행자,여,23세,중상
2018102800100097,2018년 10월 28일 07시,일요일,부산광역시 금정구 장전동,경상사고,0,0,1,0,차대사람 - 횡단중,신호위반,포장 - 건조,맑음,교차로 - 교차로안,자전거,남,77세,상해없음,보행자,여,50세,경상
2018102800100348,2018년 10월 28일 17시,일요일,부산광역시 사하구 구평동,중상사고,0,1,0,0,차대사람 - 횡단중,안전운전불이행,포장 - 건조,맑음,교차로 - 교차로부근,승용,남,64세,상해없음,보행자,여,52세,중상
2018102800100349,2018년 10월 28일 17시,일요일,부산광역시 사하구 구평동,중상사고,0,1,0,0,차대사람 - 기타,안전운전불이행,포장 - 건조,맑음,단일로 - 기타,승용,남,76세,상해없음,보행자,여,47세,중상
2018102800100350,2018년 10월 28일 17시,일요일,부산광역시 사상구 주례동,경상사고,0,0,1,0,차대사람 - 횡단중,안전운전불이행,포장 - 건조,맑음,단일로 - 기타,승용,여,39세,상해없음,보행자,남,7세,경상
2018102800100381,2018년 10월 28일 18시,일요일,부산광역시 동래구 명륜동,경상사고,0,0,1,0,차대사람 - 차도통행중,안전운전불이행,포장 - 건조,맑음,단일로 - 기타,승용,남,71세,상해없음,보행자,여,23세,경상
2018102900100030,2018년 10월 29일 05시,월요일,부산광역시 사상구 괘법동,중상사고,0,1,0,0,차대사람 - 기타,신호위반,포장 - 건조,맑음,단일로 - 기타,승용,남,65세,상해없음,보행자,여,59세,중상
2018102900100049,2018년 10월 29일 06시,월요일,부산광역시 동래구 사직동,경상사고,0,0,1,0,차대사람 - 횡단중,중앙선침범,포장 - 건조,맑음,교차로 - 교차로안,승용,여,25세,상해없음,보행자,남,73세,경상
2018102900100074,2018년 10월 29일 07시,월요일,부산광역시 부산진구 범천동,중상사고,0,1,0,0,차대사람 - 횡단중,안전운전불이행,포장 - 건조,맑음,단일로 - 기타,이륜,남,25세,상해없음,보행자,남,58세,중상
2018102900100077,2018년 10월 29일 07시,월요일,부산광역시 사상구 괘법동,중상사고,0,1,0,0,차대사람 - 기타,보행자보호의무위반,포장 - 건조,맑음,교차로 - 교차로안,승용,남,59세,상해없음,보행자,여,77세,중상
2018102900100146,2018년 10월 29일 09시,월요일,부산광역시 금정구 두구동,중상사고,0,1,0,0,차대사람 - 횡단중,안전운전불이행,포장 - 건조,맑음,교차로 - 교차로부근,승용,남,26세,상해없음,보행자,여,68세,중상
2018102900100147,2018년 10월 29일 09시,월요일,부산광역시 강서구 대저1동,중상사고,0,1,0,0,차대사람 - 기타,안전운전불이행,포장 - 건조,맑음,단일로 - 기타,특수,남,57세,상해없음,보행자,여,76세,중상
2018102900100192,2018년 10월 29일 10시,월요일,부산광역시 중구 중앙동1가,중상사고,0,1,0,0,차대사람 - 차도통행중,안전운전불이행,포장 - 건조,맑음,단일로 - 기타,화물,남,46세,상해없음,보행자,여,88세,중상
2018102900100289,2018년 10월 29일 13시,월요일,부산광역시 수영구 민락동,중상사고,0,1,1,0,차대사람 - 기타,보행자보호의무위반,포장 - 건조,맑음,단일로 - 기타,승용,여,46세,상해없음,보행자,여,23세,중상
2018102900100361,2018년 10월 29일 15시,월요일,부산광역시 남구 대연동,중상사고,0,1,0,0,차대사람 - 길가장자리구역통행중,안전운전불이행,포장 - 건조,흐림,단일로 - 기타,승용,남,46세,상해없음,보행자,남,74세,중상
2018102900100410,2018년 10월 29일 16시,월요일,부산광역시 동구 범일동,중상사고,0,1,0,0,차대사람 - 기타,안전운전불이행,포장 - 건조,맑음,단일로 - 기타,승용,남,59세,상해없음,보행자,남,53세,중상
2018102900100494,2018년 10월 29일 18시,월요일,부산광역시 동래구 명륜동,중상사고,0,1,0,0,차대사람 - 횡단중,보행자보호의무위반,포장 - 건조,맑음,단일로 - 기타,승용,여,61세,상해없음,보행자,남,68세,중상
2018102900100570,2018년 10월 29일 19시,월요일,부산광역시 해운대구 반여동,부상신고사고,0,0,0,1,차대사람 - 차도통행중,안전운전불이행,포장 - 건조,맑음,교차로 - 교차로부근,원동기,남,40세,상해없음,보행자,남,61세,부상신고
2018102900100652,2018년 10월 29일 22시,월요일,부산광역시 사하구 장림동,경상사고,0,0,1,0,차대사람 - 횡단중,안전운전불이행,포장 - 건조,맑음,단일로 - 기타,승용,남,49세,상해없음,보행자,여,55세,경상
2018103000100048,2018년 10월 30일 05시,화요일,부산광역시 금정구 장전동,중상사고,0,1,0,0,차대사람 - 차도통행중,안전운전불이행,포장 - 건조,맑음,교차로 - 교차로부근,이륜,남,29세,상해없음,보행자,남,64세,중상
2018103000100077,2018년 10월 30일 07시,화요일,부산광역시 남구 대연동,중상사고,0,1,0,0,차대사람 - 횡단중,안전운전불이행,포장 - 건조,맑음,교차로 - 교차로부근,승용,남,46세,상해없음,보행자,여,30세,중상
2018103000100105,2018년 10월 30일 08시,화요일,부산광역시 해운대구 좌동,중상사고,0,1,0,0,차대사람 - 횡단중,보행자보호의무위반,포장 - 건조,맑음,교차로 - 교차로부근,승용,남,83세,상해없음,보행자,여,15세,중상
2018103000100268,2018년 10월 30일 12시,화요일,부산광역시 부산진구 부전동,경상사고,0,0,1,0,차대사람 - 기타,안전운전불이행,포장 - 건조,맑음,교차로 - 교차로부근,화물,남,43세,상해없음,보행자,남,48세,경상
2018103000100295,2018년 10월 30일 13시,화요일,부산광역시 남구 문현동,경상사고,0,0,1,0,차대사람 - 차도통행중,안전운전불이행,포장 - 건조,맑음,단일로 - 기타,승용,여,28세,상해없음,보행자,남,34세,경상
2018103000100457,2018년 10월 30일 17시,화요일,부산광역시 사상구 학장동,경상사고,0,0,1,0,차대사람 - 길가장자리구역통행중,안전운전불이행,포장 - 건조,맑음,단일로 - 지하차도(도로)내,특수,남,41세,상해없음,보행자,남,44세,경상
2018103000100610,2018년 10월 30일 20시,화요일,부산광역시 기장군 정관읍,중상사고,0,1,0,0,차대사람 - 보도통행중,신호위반,포장 - 건조,맑음,교차로 - 교차로횡단보도내,승용,남,61세,상해없음,보행자,여,48세,중상
2018103000100673,2018년 10월 30일 22시,화요일,부산광역시 부산진구 개금동,경상사고,0,0,1,0,차대사람 - 횡단중,신호위반,포장 - 건조,맑음,교차로 - 교차로횡단보도내,승용,남,46세,상해없음,보행자,남,19세,경상
2018103100100150,2018년 10월 31일 09시,수요일,부산광역시 영도구 청학동,경상사고,0,0,1,0,차대사람 - 횡단중,보행자보호의무위반,포장 - 건조,맑음,단일로 - 기타,건설기계,남,64세,상해없음,보행자,남,80세,경상
2018103100100180,2018년 10월 31일 10시,수요일,부산광역시 사하구 신평동,경상사고,0,0,1,0,차대사람 - 차도통행중,안전운전불이행,포장 - 건조,맑음,단일로 - 기타,승용,여,51세,상해없음,보행자,여,70세,경상
2018103100100250,2018년 10월 31일 12시,수요일,부산광역시 부산진구 부전동,경상사고,0,0,1,0,차대사람 - 횡단중,안전운전불이행,포장 - 건조,맑음,단일로 - 기타,승용,여,59세,상해없음,보행자,남,78세,경상
2018103100100475,2018년 10월 31일 18시,수요일,부산광역시 동구 초량동,경상사고,0,0,2,0,차대사람 - 기타,안전운전불이행,포장 - 건조,맑음,교차로 - 교차로안,승용,여,57세,경상,보행자,남,48세,경상
2018103100100476,2018년 10월 31일 18시,수요일,부산광역시 서구 동대신동1가,경상사고,0,0,1,0,차대사람 - 보도통행중,신호위반,포장 - 건조,맑음,단일로 - 기타,이륜,남,40세,상해없음,보행자,남,64세,경상
2018103100100478,2018년 10월 31일 18시,수요일,부산광역시 강서구 대저2동,경상사고,0,0,1,0,차대사람 - 기타,안전운전불이행,포장 - 건조,맑음,교차로 - 교차로부근,이륜,남,21세,상해없음,보행자,남,11세,경상
2018103100100550,2018년 10월 31일 19시,수요일,부산광역시 부산진구 가야동,중상사고,0,1,0,0,차대사람 - 기타,안전운전불이행,포장 - 건조,맑음,단일로 - 기타,승용,남,41세,상해없음,보행자,남,47세,중상
2018103100100551,2018년 10월 31일 19시,수요일,부산광역시 금정구 장전동,경상사고,0,0,1,0,차대사람 - 횡단중,보행자보호의무위반,포장 - 건조,맑음,교차로 - 교차로안,승용,여,55세,상해없음,보행자,남,41세,경상
2018110100100003,2018년 11월 1일 00시,목요일,부산광역시 수영구 남천동,경상사고,0,0,1,0,차대사람 - 횡단중,보행자보호의무위반,포장 - 건조,맑음,단일로 - 기타,승용,남,63세,상해없음,보행자,남,21세,경상
2018110100100108,2018년 11월 1일 08시,목요일,부산광역시 부산진구 당감동,중상사고,0,1,0,0,차대사람 - 횡단중,중앙선침범,포장 - 건조,맑음,단일로 - 기타,승용,남,68세,상해없음,보행자,남,80세,중상
2018110100100110,2018년 11월 1일 08시,목요일,부산광역시 사상구 감전동,중상사고,0,1,0,0,차대사람 - 횡단중,보행자보호의무위반,포장 - 건조,맑음,교차로 - 교차로횡단보도내,승용,남,58세,상해없음,보행자,여,33세,중상
2018110100100157,2018년 11월 1일 09시,목요일,부산광역시 동래구 안락동,경상사고,0,0,1,0,차대사람 - 횡단중,신호위반,포장 - 건조,맑음,단일로 - 기타,자전거,남,61세,상해없음,보행자,여,36세,경상
2018110100100193,2018년 11월 1일 10시,목요일,부산광역시 부산진구 부전동,경상사고,0,0,1,0,차대사람 - 기타,안전운전불이행,포장 - 건조,맑음,단일로 - 기타,승용,남,50세,상해없음,보행자,여,28세,경상
2018110100100194,2018년 11월 1일 10시,목요일,부산광역시 사하구 장림동,중상사고,0,1,0,0,차대사람 - 횡단중,안전운전불이행,포장 - 건조,맑음,교차로 - 교차로안,승용,남,22세,상해없음,보행자,여,54세,중상
2018110100100314,2018년 11월 1일 14시,목요일,부산광역시 금정구 장전동,경상사고,0,0,1,0,차대사람 - 횡단중,보행자보호의무위반,포장 - 건조,맑음,교차로 - 교차로횡단보도내,승용,남,77세,상해없음,보행자,여,37세,경상
2018110100100359,2018년 11월 1일 15시,목요일,부산광역시 부산진구 전포동,중상사고,0,1,0,0,차대사람 - 기타,안전운전불이행,포장 - 건조,맑음,단일로 - 기타,승합,남,40세,상해없음,보행자,여,87세,중상
2018110100100361,2018년 11월 1일 15시,목요일,부산광역시 연제구 연산동,중상사고,0,1,0,0,차대사람 - 기타,안전운전불이행,포장 - 건조,맑음,단일로 - 기타,승용,남,41세,상해없음,보행자,남,80세,중상
2018110100100405,2018년 11월 1일 16시,목요일,부산광역시 동래구 온천동,중상사고,0,1,0,0,차대사람 - 횡단중,보행자보호의무위반,포장 - 건조,맑음,단일로 - 기타,승용,남,70세,상해없음,보행자,여,69세,중상
2018110100100408,2018년 11월 1일 16시,목요일,부산광역시 수영구 망미동,중상사고,0,1,0,0,차대사람 - 횡단중,안전운전불이행,포장 - 건조,맑음,교차로 - 교차로안,승합,남,72세,상해없음,보행자,여,79세,중상
2018110100100449,2018년 11월 1일 17시,목요일,부산광역시 부산진구 양정동,경상사고,0,0,1,0,차대사람 - 횡단중,보행자보호의무위반,포장 - 건조,맑음,기타 - 기타,승용,여,59세,상해없음,보행자,여,25세,경상
2018110100100554,2018년 11월 1일 19시,목요일,부산광역시 금정구 구서동,경상사고,0,0,1,0,차대사람 - 기타,안전운전불이행,포장 - 건조,맑음,단일로 - 기타,기타불명,기타불명,미분류,기타불명,보행자,남,76세,경상
2018110100100623,2018년 11월 1일 21시,목요일,부산광역시 남구 대연동,중상사고,0,1,0,0,차대사람 - 기타,안전운전불이행,포장 - 건조,맑음,단일로 - 기타,승용,남,26세,상해없음,보행자,남,36세,중상
2018110100100625,2018년 11월 1일 21시,목요일,부산광역시 수영구 남천동,중상사고,0,1,0,0,차대사람 - 기타,기타,포장 - 건조,맑음,단일로 - 기타,승용,남,41세,상해없음,보행자,남,56세,중상
2018110100100654,2018년 11월 1일 22시,목요일,부산광역시 금정구 서동,중상사고,0,1,0,0,차대사람 - 기타,안전운전불이행,포장 - 건조,맑음,교차로 - 교차로안,승용,여,70세,상해없음,보행자,여,66세,중상
2018110100100655,2018년 11월 1일 22시,목요일,부산광역시 기장군 기장읍,경상사고,0,0,1,0,차대사람 - 보도통행중,기타,포장 - 건조,맑음,기타 - 기타,특수,남,40세,상해없음,보행자,남,56세,경상
2018110200100027,2018년 11월 2일 02시,금요일,부산광역시 남구 대연동,경상사고,0,0,1,0,차대사람 - 횡단중,안전운전불이행,포장 - 건조,맑음,교차로 - 교차로횡단보도내,승용,남,77세,상해없음,보행자,남,55세,경상
2018110200100063,2018년 11월 2일 06시,금요일,부산광역시 부산진구 당감동,경상사고,0,0,1,0,차대사람 - 횡단중,신호위반,포장 - 건조,맑음,단일로 - 기타,화물,남,61세,상해없음,보행자,남,31세,경상