사고번호,사고일시,요일,시군구,사고내용,사망자수,중상자수,경상자수,부상신고자수,사고유형,법규위반,노면상태,기상상태,도로형태,가해운전자 차종,가해운전자 성별,가해운전자 연령,가해운전자 상해정도,피해운전자 차종,피해운전자 성별,피해운전자 연령,피해운전자 상해정도
2019012400100561,2019년 1월 24일 22시,목요일,부산광역시 서구 충무동1가,경상사고,0,0,1,0,차대사람 - 횡단중,보행자보호의무위반,포장 - 건조,맑음,단일로 - 기타,승용,남,61세,상해없음,보행자,여,60세,경상
2019012500100138,2019년 1월 25일 09시,금요일,부산광역시 사하구 감천동,경상사고,0,0,1,0,차대사람 - 기타,안전운전불이행,포장 - 건조,맑음,단일로 - 기타,승합,남,55세,상해없음,보행자,여,62세,경상
2019012500100241,2019년 1월 25일 13시,금요일,부산광역시 해운대구 반송동,중상사고,0,1,0,0,차대사람 - 횡단중,보행자보호의무위반,포장 - 건조,맑음,단일로 - 기타,승용,남,39세,상해없음,보행자,여,59세,중상
2019012500100243,2019년 1월 25일 13시,금요일,부산광역시 기장군 정관읍,중상사고,0,1,0,0,차대사람 - 기타,안전운전불이행,포장 - 건조,맑음,단일로 - 기타,승용,남,70세,상해없음,보행자,여,18세,중상
2019012500100276,2019년 1월 25일 14시,금요일,부산광역시 북구 구포동,경상사고,0,0,1,0,차대사람 - 기타,안전운전불이행,포장 - 건조,맑음,단일로 - 기타,승용,여,33세,상해없음,보행자,남,62세,경상
2019012500100277,2019년 1월 25일 14시,금요일,부산광역시 북구 금곡동,경상사고,0,0,1,0,차대사람 - 기타,안전운전불이행,포장 - 건조,맑음,단일로 - 기타,승합,남,44세,상해없음,보행자,여,74세,경상
2019012500100353,2019년 1월 25일 16시,금요일,부산광역시 남구 용당동,중상사고,0,1,0,0,차대사람 - 기타,안전운전불이행,포장 - 건조,맑음,단일로 - 기타,승용,남,50세,상해없음,보행자,여,64세,중상
2019012500100355,2019년 1월 25일 16시,금요일,부산광역시 금정구 구서동,경상사고,0,0,1,0,차대사람 - 보도통행중,보행자보호의무위반,포장 - 건조,맑음,교차로 - 교차로안,화물,남,70세,상해없음,보행자,남,33세,경상
2019012500100356,2019년 1월 25일 16시,금요일,부산광역시 연제구 연산동,부상신고사고,0,0,0,1,차대사람 - 길가장자리구역통행중,안전운전불이행,포장 - 건조,맑음,단일로 - 기타,승용,남,54세,상해없음,보행자,남,74세,부상신고
2019012500100398,2019년 1월 25일 17시,금요일,부산광역시 금정구 금사동,중상사고,0,1,0,0,차대사람 - 기타,안전운전불이행,포장 - 건조,맑음,교차로 - 교차로안,화물,남,58세,상해없음,보행자,여,60세,중상
2019012500100561,2019년 1월 25일 21시,금요일,부산광역시 부산진구 부전동,경상사고,0,0,1,0,차대사람 - 차도통행중,안전운전불이행,포장 - 건조,맑음,단일로 - 기타,원동기,남,18세,상해없음,보행자,남,44세,경상
2019012500100585,2019년 1월 25일 22시,금요일,부산광역시 남구 대연동,경상사고,0,0,1,0,차대사람 - 횡단중,신호위반,포장 - 건조,맑음,교차로 - 교차로횡단보도내,이륜,남,25세,상해없음,보행자,여,25세,경상
2019012600100022,2019년 1월 26일 00시,토요일,부산광역시 북구 구포동,중상사고,0,1,0,0,차대사람 - 기타,안전운전불이행,포장 - 건조,맑음,단일로 - 기타,승용,남,54세,상해없음,보행자,남,63세,중상
2019012600100151,2019년 1월 26일 10시,토요일,부산광역시 영도구 신선동1가,중상사고,0,1,0,0,차대사람 - 길가장자리구역통행중,안전운전불이행,포장 - 건조,맑음,단일로 - 기타,승용,남,58세,상해없음,보행자,여,89세,중상
2019012600100253,2019년 1월 26일 13시,토요일,부산광역시 사상구 주례동,중상사고,0,1,0,0,차대사람 - 기타,안전운전불이행,포장 - 건조,맑음,단일로 - 기타,화물,남,57세,상해없음,보행자,남,59세,중상
2019012600100464,2019년 1월 26일 19시,토요일,부산광역시 금정구 금사동,부상신고사고,0,0,0,1,차대사람 - 기타,안전운전불이행,포장 - 건조,맑음,교차로 - 교차로부근,승용,여,61세,상해없음,보행자,남,13세,부상신고
2019012600100532,2019년 1월 26일 21시,토요일,부산광역시 기장군 철마면,중상사고,0,1,0,0,차대사람 - 기타,안전운전불이행,포장 - 건조,맑음,단일로 - 기타,승용,남,47세,상해없음,보행자,남,52세,중상
2019012600100561,2019년 1월 26일 22시,토요일,부산광역시 동구 수정동,경상사고,0,0,1,0,차대사람 - 기타,안전운전불이행,포장 - 건조,맑음,단일로 - 기타,승합,남,48세,상해없음,보행자,남,49세,경상
2019012600100584,2019년 1월 26일 23시,토요일,부산광역시 부산진구 당감동,중상사고,0,1,0,0,차대사람 - 차도통행중,안전운전불이행,포장 - 건조,맑음,교차로 - 교차로안,화물,남,45세,상해없음,보행자,여,27세,중상
2019012700100021,2019년 1월 27일 00시,일요일,부산광역시 동구 초량동,경상사고,0,0,1,0,차대사람 - 기타,안전운전불이행,포장 - 건조,맑음,단일로 - 기타,승용,남,30세,상해없음,보행자,남,57세,경상
2019012700100112,2019년 1월 27일 10시,일요일,부산광역시 사하구 하단동,경상사고,0,0,1,0,차대사람 - 횡단중,신호위반,포장 - 건조,맑음,단일로 - 기타,승용,여,63세,상해없음,보행자,남,19세,경상
2019012700100124,2019년 1월 27일 11시,일요일,부산광역시 연제구 연산동,중상사고,0,1,0,0,차대사람 - 횡단중,보행자보호의무위반,포장 - 건조,맑음,교차로 - 교차로부근,승용,남,68세,상해없음,보행자,여,65세,중상
2019012700100172,2019년 1월 27일 13시,일요일,부산광역시 동구 초량동,중상사고,0,1,0,0,차대사람 - 보도통행중,보행자보호의무위반,포장 - 건조,맑음,교차로 - 교차로횡단보도내,승용,여,31세,상해없음,보행자,여,80세,중상
2019012700100254,2019년 1월 27일 16시,일요일,부산광역시 남구 용호동,경상사고,0,0,1,0,차대사람 - 차도통행중,안전운전불이행,포장 - 건조,맑음,교차로 - 교차로안,승용,여,61세,상해없음,보행자,여,22세,경상
2019012700100256,2019년 1월 27일 16시,일요일,부산광역시 동래구 온천동,경상사고,0,0,1,0,차대사람 - 기타,기타,포장 - 건조,맑음,단일로 - 기타,승용,남,60세,상해없음,보행자,남,77세,경상
2019012800100066,2019년 1월 28일 06시,월요일,부산광역시 부산진구 개금동,경상사고,0,0,1,0,차대사람 - 횡단중,안전운전불이행,포장 - 건조,맑음,교차로 - 교차로안,승용,여,35세,상해없음,보행자,여,34세,경상
2019012800100067,2019년 1월 28일 06시,월요일,부산광역시 사하구 괴정동,중상사고,0,2,0,0,차대사람 - 횡단중,안전운전불이행,포장 - 건조,맑음,단일로 - 기타,이륜,남,38세,중상,보행자,여,56세,중상
2019012800100104,2019년 1월 28일 07시,월요일,부산광역시 사하구 장림동,중상사고,0,1,0,0,차대사람 - 기타,안전운전불이행,포장 - 건조,맑음,단일로 - 기타,승합,남,71세,상해없음,보행자,여,61세,중상
2019012800100190,2019년 1월 28일 09시,월요일,부산광역시 강서구 강동동,중상사고,0,1,0,0,차대사람 - 횡단중,보행자보호의무위반,포장 - 건조,맑음,교차로 - 교차로횡단보도내,화물,남,41세,상해없음,보행자,여,77세,중상
2019012800100382,2019년 1월 28일 14시,월요일,부산광역시 북구 화명동,부상신고사고,0,0,0,1,차대사람 - 기타,안전운전불이행,포장 - 건조,맑음,단일로 - 기타,승합,남,46세,상해없음,보행자,여,77세,부상신고
2019012800100421,2019년 1월 28일 15시,월요일,부산광역시 부산진구 부전동,중상사고,0,1,0,0,차대사람 - 길가장자리구역통행중,안전운전불이행,포장 - 건조,맑음,교차로 - 교차로안,승용,남,49세,상해없음,보행자,남,44세,중상
2019012800100423,2019년 1월 28일 15시,월요일,부산광역시 금정구 남산동,경상사고,0,0,1,0,차대사람 - 차도통행중,안전운전불이행,포장 - 건조,맑음,단일로 - 기타,이륜,남,32세,상해없음,보행자,여,69세,경상
2019012800100498,2019년 1월 28일 17시,월요일,부산광역시 서구 동대신동3가,경상사고,0,0,1,0,차대사람 - 길가장자리구역통행중,안전운전불이행,포장 - 건조,맑음,단일로 - 기타,승합,여,50세,상해없음,보행자,남,83세,경상
2019012800100604,2019년 1월 28일 20시,월요일,부산광역시 남구 대연동,경상사고,0,0,1,0,차대사람 - 기타,안전운전불이행,포장 - 건조,맑음,단일로 - 기타,승합,남,44세,상해없음,보행자,남,50세,경상
2019012800100605,2019년 1월 28일 20시,월요일,부산광역시 동래구 수안동,경상사고,0,0,1,0,차대사람 - 차도통행중,보행자보호의무위반,포장 - 건조,맑음,단일로 - 기타,승용,남,53세,상해없음,보행자,여,25세,경상
2019012800100626,2019년 1월 28일 21시,월요일,부산광역시 북구 덕천동,경상사고,0,0,1,0,차대사람 - 횡단중,신호위반,포장 - 건조,맑음,단일로 - 기타,이륜,남,15세,상해없음,보행자,남,62세,경상
2019012800100652,2019년 1월 28일 22시,월요일,부산광역시 수영구 민락동,경상사고,0,0,1,0,차대사람 - 횡단중,보행자보호의무위반,포장 - 건조,맑음,단일로 - 기타,승용,남,64세,상해없음,보행자,남,44세,경상
2019012900100047,2019년 1월 29일 04시,화요일,부산광역시 남구 문현동,부상신고사고,0,0,0,1,차대사람 - 횡단중,안전운전불이행,포장 - 건조,맑음,단일로 - 기타,승용,남,50세,상해없음,보행자,남,45세,부상신고
2019012900100052,2019년 1월 29일 05시,화요일,부산광역시 수영구 광안동,중상사고,0,1,0,0,차대사람 - 길가장자리구역통행중,안전운전불이행,포장 - 건조,맑음,단일로 - 기타,화물,남,43세,상해없음,보행자,여,90세 이상,중상
2019012900100076,2019년 1월 29일 07시,화요일,부산광역시 사하구 감천동,사망사고,1,0,0,0,차대사람 - 기타,보행자보호의무위반,포장 - 건조,맑음,기타 - 기타,승합,남,66세,상해없음,보행자,여,71세,사망
2019012900100132,2019년 1월 29일 09시,화요일,부산광역시 사상구 모라동,사망사고,1,0,0,0,차대사람 - 횡단중,신호위반,포장 - 건조,맑음,교차로 - 교차로횡단보도내,승용,여,35세,상해없음,보행자,남,60세,사망
2019012900100205,2019년 1월 29일 12시,화요일,부산광역시 영도구 대교동2가,경상사고,0,0,1,0,차대사람 - 횡단중,보행자보호의무위반,포장 - 건조,맑음,교차로 - 교차로횡단보도내,원동기,남,49세,상해없음,보행자,여,57세,경상
2019012900100292,2019년 1월 29일 15시,화요일,부산광역시 수영구 광안동,경상사고,0,0,1,0,차대사람 - 길가장자리구역통행중,안전운전불이행,포장 - 건조,맑음,교차로 - 교차로안,승용,남,68세,상해없음,보행자,여,31세,경상
2019012900100343,2019년 1월 29일 16시,화요일,부산광역시 수영구 망미동,중상사고,0,1,0,0,차대사람 - 기타,중앙선침범,포장 - 건조,맑음,단일로 - 기타,승용,여,36세,상해없음,보행자,남,76세,중상
2019012900100436,2019년 1월 29일 18시,화요일,부산광역시 동래구 사직동,중상사고,0,1,0,0,차대사람 - 횡단중,안전운전불이행,포장 - 건조,맑음,교차로 - 교차로안,화물,남,70세,상해없음,보행자,여,77세,중상
2019012900100490,2019년 1월 29일 19시,화요일,부산광역시 북구 구포동,중상사고,0,1,0,0,차대사람 - 횡단중,안전운전불이행,포장 - 건조,맑음,교차로 - 교차로횡단보도내,원동기,남,36세,상해없음,보행자,여,63세,중상
2019012900100527,2019년 1월 29일 20시,화요일,부산광역시 부산진구 부전동,경상사고,0,0,1,0,차대사람 - 길가장자리구역통행중,안전운전불이행,포장 - 건조,맑음,단일로 - 기타,승용,남,23세,상해없음,보행자,여,18세,경상
2019012900100554,2019년 1월 29일 21시,화요일,부산광역시 남구 대연동,경상사고,0,0,1,0,차대사람 - 차도통행중,안전운전불이행,포장 - 건조,맑음,단일로 - 기타,이륜,남,25세,상해없음,보행자,여,3세,경상
2019013000100044,2019년 1월 30일 03시,수요일,부산광역시 사하구 장림동,중상사고,0,1,0,0,차대사람 - 기타,안전운전불이행,포장 - 건조,맑음,단일로 - 기타,승용,남,52세,상해없음,보행자,남,56세,중상
2019013000100092,2019년 1월 30일 08시,수요일,부산광역시 수영구 망미동,중상사고,0,1,0,0,차대사람 - 기타,보행자보호의무위반,포장 - 건조,맑음,단일로 - 기타,승용,여,47세,상해없음,보행자,여,84세,중상
2019013000100093,2019년 1월 30일 08시,수요일,부산광역시 연제구 연산동,경상사고,0,0,1,0,차대사람 - 차도통행중,신호위반,포장 - 건조,맑음,단일로 - 기타,승용,여,38세,상해없음,보행자,여,11세,경상
2019013000100119,2019년 1월 30일 09시,수요일,부산광역시 사상구 주례동,경상사고,0,0,1,0,차대사람 - 기타,안전운전불이행,포장 - 건조,맑음,단일로 - 기타,승용,남,32세,상해없음,보행자,여,60세,경상
2019013000100152,2019년 1월 30일 10시,수요일,부산광역시 해운대구 반여동,중상사고,0,1,0,0,차대사람 - 기타,안전운전불이행,포장 - 건조,맑음,교차로 - 교차로안,승용,여,54세,상해없음,보행자,여,73세,중상
2019013000100190,2019년 1월 30일 11시,수요일,부산광역시 금정구 서동,부상신고사고,0,0,0,1,차대사람 - 기타,안전운전불이행,포장 - 건조,맑음,단일로 - 기타,화물,남,31세,상해없음,보행자,남,45세,부상신고
2019013000100277,2019년 1월 30일 14시,수요일,부산광역시 남구 대연동,경상사고,0,0,1,0,차대사람 - 차도통행중,안전운전불이행,포장 - 건조,맑음,단일로 - 기타,승용,여,44세,상해없음,보행자,남,43세,경상
2019013000100282,2019년 1월 30일 14시,수요일,부산광역시 사하구 장림동,경상사고,0,0,1,0,차대사람 - 기타,기타,포장 - 건조,맑음,단일로 - 지하차도(도로)내,승용,남,63세,상해없음,보행자,남,55세,경상
2019013000100313,2019년 1월 30일 15시,수요일,부산광역시 금정구 장전동,중상사고,0,1,0,0,차대사람 - 횡단중,보행자보호의무위반,포장 - 건조,맑음,단일로 - 기타,승용,남,56세,상해없음,보행자,여,8세,중상
2019013000100348,2019년 1월 30일 16시,수요일,부산광역시 남구 대연동,경상사고,0,0,1,0,차대사람 - 차도통행중,안전운전불이행,포장 - 건조,맑음,기타 - 기타,이륜,남,28세,상해없음,보행자,남,26세,경상
2019013000100350,2019년 1월 30일 16시,수요일,부산광역시 수영구 수영동,중상사고,0,1,0,0,차대사람 - 기타,안전운전불이행,포장 - 건조,맑음,단일로 - 기타,화물,남,41세,상해없음,보행자,여,80세,중상
2019013000100535,2019년 1월 30일 21시,수요일,부산광역시 부산진구 부전동,중상사고,0,1,0,0,차대사람 - 기타,안전운전불이행,포장 - 건조,맑음,단일로 - 기타,이륜,여,35세,상해없음,보행자,여,63세,중상
2019013100100093,2019년 1월 31일 07시,목요일,부산광역시 남구 대연동,중상사고,0,1,0,0,차대사람 - 횡단중,보행자보호의무위반,포장 - 젖음/습기,비,단일로 - 기타,승용,남,50세,상해없음,보행자,여,90세 이상,중상
2019013100100094,2019년 1월 31일 07시,목요일,부산광역시 해운대구 반송동,경상사고,0,0,1,0,차대사람 - 횡단중,보행자보호의무위반,포장 - 젖음/습기,비,교차로 - 교차로횡단보도내,승용,여,31세,상해없음,보행자,남,38세,경상
2019013100100095,2019년 1월 31일 07시,목요일,부산광역시 금정구 부곡동,중상사고,0,1,0,0,차대사람 - 기타,안전운전불이행,포장 - 건조,맑음,단일로 - 기타,화물,남,49세,상해없음,보행자,여,17세,중상
2019013100100133,2019년 1월 31일 08시,목요일,부산광역시 사상구 학장동,중상사고,0,1,0,0,차대사람 - 기타,안전운전불이행,포장 - 젖음/습기,눈,교차로 - 교차로안,승용,남,43세,상해없음,보행자,여,77세,중상
2019013100100296,2019년 1월 31일 14시,목요일,부산광역시 부산진구 범천동,경상사고,0,0,1,0,차대사람 - 길가장자리구역통행중,안전운전불이행,포장 - 젖음/습기,비,단일로 - 기타,승용,여,36세,상해없음,보행자,남,34세,경상
2019013100100332,2019년 1월 31일 15시,목요일,부산광역시 부산진구 개금동,경상사고,0,0,1,0,차대사람 - 기타,안전운전불이행,포장 - 젖음/습기,눈,단일로 - 기타,승용,남,49세,상해없음,보행자,남,66세,경상
2019013100100396,2019년 1월 31일 17시,목요일,부산광역시 동래구 명장동,경상사고,0,0,1,0,차대사람 - 횡단중,보행자보호의무위반,포장 - 건조,맑음,교차로 - 교차로횡단보도내,승용,여,33세,상해없음,보행자,남,17세,경상
2019013100100488,2019년 1월 31일 19시,목요일,부산광역시 부산진구 연지동,부상신고사고,0,0,0,1,차대사람 - 길가장자리구역통행중,안전운전불이행,포장 - 건조,맑음,기타 - 기타,승용,남,65세,상해없음,보행자,남,45세,부상신고
2019013100100489,2019년 1월 31일 19시,목요일,부산광역시 부산진구 부전동,경상사고,0,0,1,0,차대사람 - 차도통행중,안전운전불이행,포장 - 건조,맑음,단일로 - 기타,승용,남,26세,상해없음,보행자,여,29세,경상
2019020100100064,2019년 2월 1일 03시,금요일,부산광역시 수영구 민락동,중상사고,0,1,0,0,차대사람 - 횡단중,안전운전불이행,포장 - 건조,맑음,단일로 - 기타,승용,남,36세,상해없음,보행자,남,50세,중상
2019020100100130,2019년 2월 1일 08시,금요일,부산광역시 서구 아미동2가,중상사고,0,1,0,0,차대사람 - 길가장자리구역통행중,안전운전불이행,포장 - 건조,맑음,단일로 - 기타,승용,여,50세,상해없음,보행자,여,77세,중상
2019020100100227,2019년 2월 1일 11시,금요일,부산광역시 동래구 수안동,중상사고,0,1,0,0,차대사람 - 기타,안전운전불이행,포장 - 건조,맑음,단일로 - 기타,승용,여,70세,상해없음,보행자,여,45세,중상
2019020100100374,2019년 2월 1일 15시,금요일,부산광역시 남구 대연동,부상신고사고,0,0,0,1,차대사람 - 기타,안전운전불이행,포장 - 건조,맑음,단일로 - 기타,화물,남,55세,상해없음,보행자,여,72세,부상신고
2019020100100421,2019년 2월 1일 16시,금요일,부산광역시 남구 문현동,중상사고,0,1,0,0,차대사람 - 기타,안전운전불이행,포장 - 건조,맑음,교차로 - 교차로부근,승용,남,63세,상해없음,보행자,여,62세,중상
2019020100100422,2019년 2월 1일 16시,금요일,부산광역시 부산진구 개금동,경상사고,0,0,1,0,차대사람 - 횡단중,보행자보호의무위반,포장 - 건조,맑음,단일로 - 기타,화물,남,64세,상해없음,보행자,여,49세,경상
2019020100100423,2019년 2월 1일 16시,금요일,부산광역시 부산진구 양정동,중상사고,0,1,0,0,차대사람 - 횡단중,신호위반,포장 - 건조,맑음,교차로 - 교차로부근,승용,남,34세,상해없음,보행자,여,46세,중상
2019020100100502,2019년 2월 1일 18시,금요일,부산광역시 수영구 남천동,중상사고,0,1,0,0,차대사람 - 기타,안전운전불이행,포장 - 건조,맑음,교차로 - 교차로안,승용,여,40세,상해없음,보행자,여,59세,중상
2019020100100503,2019년 2월 1일 18시,금요일,부산광역시 부산진구 양정동,중상사고,0,1,0,0,차대사람 - 횡단중,보행자보호의무위반,포장 - 건조,맑음,단일로 - 기타,승용,여,64세,상해없음,보행자,남,62세,중상
2019020100100579,2019년 2월 1일 19시,금요일,부산광역시 연제구 거제동,경상사고,0,0,1,0,차대사람 - 보도통행중,기타,포장 - 건조,맑음,교차로 - 교차로부근,자전거,남,51세,상해없음,보행자,남,70세,경상
2019020100100667,2019년 2월 1일 21시,금요일,부산광역시 해운대구 송정동,중상사고,0,1,0,0,차대사람 - 횡단중,보행자보호의무위반,포장 - 건조,맑음,교차로 - 교차로횡단보도내,승용,남,48세,상해없음,보행자,남,65세,중상
2019020200100063,2019년 2월 2일 02시,토요일,부산광역시 해운대구 재송동,중상사고,0,1,0,0,차대사람 - 횡단중,보행자보호의무위반,포장 - 건조,맑음,교차로 - 교차로부근,이륜,남,24세,상해없음,보행자,남,39세,중상
2019020200100064,2019년 2월 2일 02시,토요일,부산광역시 부산진구 전포동,중상사고,0,1,0,0,차대사람 - 기타,안전운전불이행,포장 - 건조,맑음,단일로 - 기타,승용,남,31세,상해없음,보행자,여,70세,중상
2019020200100119,2019년 2월 2일 06시,토요일,부산광역시 부산진구 부전동,경상사고,0,0,2,0,차대사람 - 기타,안전운전불이행,포장 - 건조,맑음,단일로 - 기타,승용,남,27세,상해없음,보행자,남,21세,경상
2019020200100180,2019년 2월 2일 10시,토요일,부산광역시 남구 대연동,중상사고,0,1,0,0,차대사람 - 횡단중,안전운전불이행,포장 - 건조,맑음,교차로 - 교차로부근,원동기,남,53세,상해없음,보행자,여,45세,중상
2019020200100204,2019년 2월 2일 11시,토요일,부산광역시 영도구 남항동1가,중상사고,0,1,0,0,차대사람 - 길가장자리구역통행중,불법유턴,포장 - 건조,맑음,단일로 - 기타,화물,남,30세,상해없음,보행자,여,72세,중상
2019020200100334,2019년 2월 2일 15시,토요일,부산광역시 동래구 명장동,경상사고,0,0,1,0,차대사람 - 길가장자리구역통행중,안전운전불이행,포장 - 건조,맑음,단일로 - 기타,승용,여,52세,상해없음,보행자,남,69세,경상
2019020200100336,2019년 2월 2일 15시,토요일,부산광역시 강서구 대저1동,중상사고,0,1,0,0,차대사람 - 기타,안전운전불이행,포장 - 건조,맑음,기타 - 기타,승용,여,54세,상해없음,보행자,남,83세,중상
2019020200100409,2019년 2월 2일 17시,토요일,부산광역시 사상구 주례동,경상사고,0,0,1,0,차대사람 - 횡단중,보행자보호의무위반,포장 - 건조,맑음,단일로 - 기타,승용,남,64세,상해없음,보행자,여,55세,경상
2019020200100443,2019년 2월 2일 18시,토요일,부산광역시 남구 감만동,중상사고,0,1,0,0,차대사람 - 횡단중,안전운전불이행,포장 - 건조,맑음,교차로 - 교차로부근,승용,남,43세,상해없음,보행자,남,43세,중상
2019020200100445,2019년 2월 2일 18시,토요일,부산광역시 사하구 당리동,경상사고,0,0,1,0,차대사람 - 차도통행중,안전운전불이행,포장 - 건조,맑음,단일로 - 지하차도(도로)내,기타불명,기타불명,미분류,기타불명,보행자,여,50세,경상
2019020200100484,2019년 2월 2일 19시,토요일,부산광역시 동구 좌천동,경상사고,0,0,1,0,차대사람 - 기타,안전운전불이행,포장 - 건조,맑음,교차로 - 교차로안,이륜,남,20세,상해없음,보행자,남,62세,경상
2019020200100535,2019년 2월 2일 21시,토요일,부산광역시 부산진구 부전동,중상사고,0,1,0,0,차대사람 - 기타,안전운전불이행,포장 - 건조,맑음,단일로 - 기타,승용,남,25세,상해없음,보행자,여,45세,중상
2019020200100550,2019년 2월 2일 22시,토요일,부산광역시 동래구 명륜동,중상사고,0,1,0,0,차대사람 - 기타,안전운전불이행,포장 - 건조,맑음,단일로 - 기타,승용,남,65세,상해없음,보행자,남,22세,중상
2019020300100061,2019년 2월 3일 02시,일요일,부산광역시 동구 초량동,부상신고사고,0,0,0,1,차대사람 - 기타,안전운전불이행,포장 - 건조,맑음,단일로 - 기타,승용,남,56세,상해없음,보행자,남,52세,부상신고
2019020300100175,2019년 2월 3일 10시,일요일,부산광역시 사하구 괴정동,경상사고,0,0,1,0,차대사람 - 길가장자리구역통행중,안전운전불이행,포장 - 젖음/습기,흐림,단일로 - 기타,승용,남,45세,상해없음,보행자,여,65세,경상
2019020300100215,2019년 2월 3일 12시,일요일,부산광역시 연제구 거제동,중상사고,0,1,0,0,차대사람 - 차도통행중,안전운전불이행,포장 - 건조,맑음,단일로 - 기타,승용,남,30세,상해없음,보행자,남,58세,중상
2019020300100255,2019년 2월 3일 14시,일요일,부산광역시 서구 암남동,경상사고,0,0,1,0,차대사람 - 횡단중,보행자보호의무위반,포장 - 젖음/습기,비,교차로 - 교차로횡단보도내,승용,남,46세,상해없음,보행자,남,39세,경상
2019020300100284,2019년 2월 3일 15시,일요일,부산광역시 해운대구 재송동,경상사고,0,0,1,0,차대사람 - 기타,안전운전불이행,포장 - 젖음/습기,흐림,교차로 - 교차로안,승용,남,24세,상해없음,보행자,여,10세,경상
2019020300100426,2019년 2월 3일 20시,일요일,부산광역시 중구 대청동1가,중상사고,0,1,0,0,차대사람 - 횡단중,보행자보호의무위반,포장 - 건조,맑음,교차로 - 교차로횡단보도내,승용,남,41세,상해없음,보행자,남,68세,중상
2019020300100451,2019년 2월 3일 21시,일요일,부산광역시 사하구 장림동,경상사고,0,0,1,0,차대사람 - 보도통행중,기타,포장 - 건조,맑음,단일로 - 기타,승용,남,59세,상해없음,보행자,여,54세,경상
2019020300100472,2019년 2월 3일 22시,일요일,부산광역시 해운대구 반송동,경상사고,0,0,1,0,차대사람 - 횡단중,보행자보호의무위반,포장 - 건조,맑음,교차로 - 교차로부근,승용,남,36세,상해없음,보행자,남,16세,경상
2019020400100022,2019년 2월 4일 00시,월요일,부산광역시 부산진구 부전동,경상사고,0,0,1,0,차대사람 - 횡단중,안전운전불이행,포장 - 건조,맑음,단일로 - 기타,승용,남,60세,상해없음,보행자,남,42세,경상
2019020400100106,2019년 2월 4일 10시,월요일,부산광역시 동래구 명륜동,중상사고,0,1,0,0,차대사람 - 차도통행중,안전운전불이행,포장 - 건조,맑음,단일로 - 기타,승용,남,76세,상해없음,보행자,남,85세,중상
2019020400100125,2019년 2월 4일 11시,월요일,부산광역시 동구 범일동,경상사고,0,0,1,0,차대사람 - 기타,안전운전불이행,포장 - 건조,맑음,단일로 - 기타,이륜,남,66세,상해없음,보행자,여,55세,경상
2019020400100193,2019년 2월 4일 14시,월요일,부산광역시 금정구 노포동,경상사고,0,0,1,0,차대사람 - 기타,안전운전불이행,포장 - 건조,맑음,단일로 - 기타,승용,여,57세,상해없음,보행자,여,58세,경상
2019020400100254,2019년 2월 4일 17시,월요일,부산광역시 금정구 부곡동,경상사고,0,0,1,0,차대사람 - 기타,안전운전불이행,포장 - 건조,맑음,교차로 - 교차로부근,승용,여,60세,상해없음,보행자,남,57세,경상
2019020400100271,2019년 2월 4일 18시,월요일,부산광역시 해운대구 반여동,중상사고,0,1,0,0,차대사람 - 기타,안전운전불이행,포장 - 건조,맑음,교차로 - 교차로안,승용,남,25세,상해없음,보행자,남,75세,중상
2019020400100288,2019년 2월 4일 19시,월요일,부산광역시 연제구 연산동,경상사고,0,0,1,0,차대사람 - 보도통행중,기타,포장 - 건조,맑음,단일로 - 기타,이륜,남,56세,상해없음,보행자,남,4세,경상
2019020400100310,2019년 2월 4일 20시,월요일,부산광역시 남구 감만동,경상사고,0,0,1,0,차대사람 - 기타,신호위반,포장 - 건조,맑음,교차로 - 교차로부근,기타불명,기타불명,미분류,기타불명,보행자,남,26세,경상
2019020400100331,2019년 2월 4일 21시,월요일,부산광역시 수영구 민락동,경상사고,0,0,1,0,차대사람 - 기타,안전운전불이행,포장 - 건조,맑음,단일로 - 기타,승용,남,52세,상해없음,보행자,여,58세,경상
2019020400100332,2019년 2월 4일 21시,월요일,부산광역시 연제구 연산동,중상사고,0,1,0,0,차대사람 - 길가장자리구역통행중,안전운전불이행,포장 - 건조,맑음,단일로 - 기타,승용,남,21세,상해없음,보행자,남,34세,중상
2019020500100041,2019년 2월 5일 02시,화요일,부산광역시 동래구 안락동,경상사고,0,0,1,0,차대사람 - 보도통행중,기타,포장 - 건조,맑음,기타 - 기타,이륜,남,21세,상해없음,보행자,남,30세,경상
2019020500100055,2019년 2월 5일 04시,화요일,부산광역시 부산진구 부전동,중상사고,0,1,0,0,차대사람 - 횡단중,안전운전불이행,포장 - 건조,맑음,단일로 - 기타,승용,남,61세,상해없음,보행자,여,80세,중상
2019020500100087,2019년 2월 5일 10시,화요일,부산광역시 사상구 모라동,중상사고,0,1,0,0,차대사람 - 횡단중,안전운전불이행,포장 - 건조,맑음,교차로 - 교차로안,화물,남,52세,상해없음,보행자,여,64세,중상
2019020500100252,2019년 2월 5일 18시,화요일,부산광역시 사상구 괘법동,경상사고,0,0,1,0,차대사람 - 기타,안전운전불이행,포장 - 건조,맑음,단일로 - 기타,승용,남,50세,상해없음,보행자,여,28세,경상
2019020500100275,2019년 2월 5일 19시,화요일,부산광역시 동구 범일동,중상사고,0,1,0,0,차대사람 - 기타,기타,포장 - 건조,맑음,단일로 - 기타,원동기,남,22세,상해없음,보행자,남,49세,중상