사고번호,사고일시,요일,시군구,사고내용,사망자수,중상자수,경상자수,부상신고자수,사고유형,법규위반,노면상태,기상상태,도로형태,가해운전자 차종,가해운전자 성별,가해운전자 연령,가해운전자 상해정도,피해운전자 차종,피해운전자 성별,피해운전자 연령,피해운전자 상해정도
2019041200100479,2019년 4월 12일 18시,금요일,부산광역시 금정구 장전동,중상사고,0,1,0,0,차대사람 - 횡단중,보행자보호의무위반,포장 - 건조,맑음,단일로 - 기타,이륜,남,15세,상해없음,보행자,여,45세,중상
2019041200100603,2019년 4월 12일 21시,금요일,부산광역시 부산진구 부전동,경상사고,0,0,1,0,차대사람 - 기타,안전운전불이행,포장 - 건조,맑음,기타 - 기타,승용,남,20세,상해없음,보행자,여,26세,경상
2019041300100044,2019년 4월 13일 01시,토요일,부산광역시 해운대구 우동,중상사고,0,1,0,0,차대사람 - 차도통행중,안전운전불이행,포장 - 건조,맑음,교차로 - 교차로안,승용,남,30세,상해없음,보행자,남,54세,중상
2019041300100194,2019년 4월 13일 10시,토요일,부산광역시 금정구 남산동,중상사고,0,1,0,0,차대사람 - 기타,안전운전불이행,포장 - 건조,맑음,단일로 - 기타,승용,남,40세,상해없음,보행자,남,41세,중상
2019041300100195,2019년 4월 13일 10시,토요일,부산광역시 사하구 장림동,경상사고,0,0,1,0,차대사람 - 기타,안전운전불이행,포장 - 건조,맑음,교차로 - 교차로부근,승용,여,47세,상해없음,보행자,여,27세,경상
2019041300100516,2019년 4월 13일 18시,토요일,부산광역시 중구 보수동2가,중상사고,0,1,1,0,차대사람 - 기타,안전운전불이행,포장 - 건조,맑음,단일로 - 기타,화물,남,66세,상해없음,보행자,여,44세,중상
2019041300100519,2019년 4월 13일 18시,토요일,부산광역시 수영구 망미동,경상사고,0,0,1,0,차대사람 - 기타,안전운전불이행,포장 - 건조,맑음,단일로 - 기타,자전거,남,70세,상해없음,보행자,여,23세,경상
2019041300100557,2019년 4월 13일 19시,토요일,부산광역시 수영구 광안동,경상사고,0,0,1,0,차대사람 - 보도통행중,안전운전불이행,포장 - 건조,맑음,단일로 - 기타,이륜,남,23세,상해없음,보행자,여,24세,경상
2019041300100558,2019년 4월 13일 19시,토요일,부산광역시 부산진구 범천동,사망사고,1,0,0,0,차대사람 - 차도통행중,안전운전불이행,포장 - 건조,맑음,단일로 - 기타,승용,남,36세,상해없음,보행자,여,66세,사망
2019041300100638,2019년 4월 13일 21시,토요일,부산광역시 사하구 하단동,중상사고,0,1,0,0,차대사람 - 기타,안전운전불이행,포장 - 건조,맑음,기타 - 기타,승용,남,40세,상해없음,보행자,남,56세,중상
2019041300100668,2019년 4월 13일 22시,토요일,부산광역시 부산진구 개금동,경상사고,0,0,1,0,차대사람 - 횡단중,신호위반,포장 - 건조,맑음,교차로 - 교차로부근,기타불명,기타불명,미분류,기타불명,보행자,남,19세,경상
2019041300100669,2019년 4월 13일 22시,토요일,부산광역시 부산진구 부전동,경상사고,0,0,1,0,차대사람 - 기타,안전운전불이행,포장 - 건조,맑음,교차로 - 교차로부근,승용,남,25세,상해없음,보행자,남,23세,경상
2019041400100040,2019년 4월 14일 01시,일요일,부산광역시 사상구 주례동,중상사고,0,1,0,0,차대사람 - 기타,보행자보호의무위반,포장 - 건조,맑음,단일로 - 기타,승용,남,36세,상해없음,보행자,여,61세,중상
2019041400100055,2019년 4월 14일 02시,일요일,부산광역시 북구 덕천동,중상사고,0,1,0,0,차대사람 - 기타,안전운전불이행,포장 - 건조,맑음,단일로 - 기타,승용,남,30세,상해없음,보행자,남,25세,중상
2019041400100056,2019년 4월 14일 02시,일요일,부산광역시 영도구 대교동2가,부상신고사고,0,0,0,1,차대사람 - 기타,안전운전불이행,포장 - 건조,맑음,교차로 - 교차로부근,기타불명,기타불명,미분류,기타불명,보행자,남,46세,부상신고
2019041400100176,2019년 4월 14일 12시,일요일,부산광역시 기장군 기장읍,경상사고,0,0,2,0,차대사람 - 횡단중,보행자보호의무위반,포장 - 건조,맑음,단일로 - 기타,화물,남,63세,상해없음,보행자,여,22세,경상
2019041400100256,2019년 4월 14일 15시,일요일,부산광역시 부산진구 부전동,경상사고,0,0,1,0,차대사람 - 기타,안전운전불이행,포장 - 건조,맑음,교차로 - 교차로부근,자전거,남,83세,상해없음,보행자,여,57세,경상
2019041400100286,2019년 4월 14일 16시,일요일,부산광역시 해운대구 재송동,중상사고,0,1,1,0,차대사람 - 횡단중,안전운전불이행,포장 - 건조,맑음,단일로 - 기타,이륜,남,23세,경상,보행자,여,54세,중상
2019041400100386,2019년 4월 14일 20시,일요일,부산광역시 사하구 괴정동,중상사고,0,1,0,0,차대사람 - 기타,안전운전불이행,포장 - 건조,맑음,단일로 - 지하차도(도로)내,승용,남,52세,상해없음,보행자,여,65세,중상
2019041500100115,2019년 4월 15일 08시,월요일,부산광역시 해운대구 우동,중상사고,0,1,0,0,차대사람 - 기타,안전운전불이행,포장 - 건조,맑음,교차로 - 교차로부근,승용,남,42세,상해없음,보행자,여,24세,중상
2019041500100209,2019년 4월 15일 10시,월요일,부산광역시 남구 문현동,경상사고,0,0,1,0,차대사람 - 차도통행중,보행자보호의무위반,포장 - 건조,맑음,교차로 - 교차로횡단보도내,화물,남,71세,상해없음,보행자,여,19세,경상
2019041500100210,2019년 4월 15일 10시,월요일,부산광역시 부산진구 부전동,중상사고,0,1,0,0,차대사람 - 횡단중,보행자보호의무위반,포장 - 건조,맑음,교차로 - 교차로부근,화물,남,42세,상해없음,보행자,남,72세,중상
2019041500100299,2019년 4월 15일 13시,월요일,부산광역시 남구 대연동,중상사고,0,1,0,0,차대사람 - 기타,안전운전불이행,포장 - 건조,맑음,교차로 - 교차로부근,승용,남,24세,상해없음,보행자,여,84세,중상
2019041500100300,2019년 4월 15일 13시,월요일,부산광역시 북구 화명동,중상사고,0,1,0,0,차대사람 - 기타,보행자보호의무위반,포장 - 건조,맑음,단일로 - 기타,화물,여,42세,상해없음,보행자,여,67세,중상
2019041500100390,2019년 4월 15일 15시,월요일,부산광역시 부산진구 개금동,부상신고사고,0,0,0,1,차대사람 - 기타,기타,포장 - 건조,맑음,기타 - 기타,기타불명,기타불명,미분류,기타불명,보행자,여,58세,부상신고
2019041500100391,2019년 4월 15일 15시,월요일,부산광역시 수영구 수영동,경상사고,0,0,1,0,차대사람 - 횡단중,안전운전불이행,포장 - 건조,맑음,단일로 - 기타,이륜,남,22세,상해없음,보행자,여,13세,경상
2019041500100603,2019년 4월 15일 19시,월요일,부산광역시 남구 용호동,경상사고,0,0,1,0,차대사람 - 길가장자리구역통행중,안전운전불이행,포장 - 건조,맑음,단일로 - 기타,승용,여,43세,상해없음,보행자,여,46세,경상
2019041500100642,2019년 4월 15일 20시,월요일,부산광역시 기장군 정관읍,경상사고,0,0,1,0,차대사람 - 횡단중,신호위반,포장 - 건조,맑음,기타 - 기타,이륜,남,18세,상해없음,보행자,여,34세,경상
2019041500100668,2019년 4월 15일 21시,월요일,부산광역시 금정구 남산동,경상사고,0,0,1,0,차대사람 - 기타,안전운전불이행,포장 - 건조,맑음,교차로 - 교차로안,승용,여,24세,상해없음,보행자,남,25세,경상
2019041600100054,2019년 4월 16일 04시,화요일,부산광역시 해운대구 반여동,중상사고,0,1,0,0,차대사람 - 횡단중,보행자보호의무위반,포장 - 기타,맑음,단일로 - 기타,승용,남,57세,상해없음,보행자,남,59세,중상
2019041600100062,2019년 4월 16일 05시,화요일,부산광역시 동래구 온천동,중상사고,0,1,0,0,차대사람 - 길가장자리구역통행중,안전운전불이행,포장 - 건조,맑음,단일로 - 기타,승용,여,49세,상해없음,보행자,남,76세,중상
2019041600100132,2019년 4월 16일 08시,화요일,부산광역시 해운대구 반여동,중상사고,0,1,0,0,차대사람 - 횡단중,보행자보호의무위반,포장 - 기타,맑음,단일로 - 기타,승용,여,23세,상해없음,보행자,여,58세,중상
2019041600100133,2019년 4월 16일 08시,화요일,부산광역시 연제구 연산동,중상사고,0,1,0,0,차대사람 - 횡단중,안전운전불이행,포장 - 건조,맑음,단일로 - 기타,승용,여,39세,상해없음,보행자,남,64세,중상
2019041600100134,2019년 4월 16일 08시,화요일,부산광역시 연제구 연산동,경상사고,0,0,1,0,차대사람 - 횡단중,보행자보호의무위반,포장 - 건조,맑음,단일로 - 기타,승용,남,67세,상해없음,보행자,여,50세,경상
2019041600100471,2019년 4월 16일 17시,화요일,부산광역시 영도구 봉래동1가,중상사고,0,1,0,0,차대사람 - 기타,보행자보호의무위반,포장 - 건조,맑음,단일로 - 기타,승합,남,54세,상해없음,보행자,여,9세,중상
2019041600100472,2019년 4월 16일 17시,화요일,부산광역시 해운대구 재송동,중상사고,0,1,0,0,차대사람 - 횡단중,보행자보호의무위반,포장 - 건조,맑음,교차로 - 교차로횡단보도내,승용,여,36세,상해없음,보행자,남,82세,중상
2019041600100566,2019년 4월 16일 19시,화요일,부산광역시 금정구 남산동,부상신고사고,0,0,0,1,차대사람 - 횡단중,안전운전불이행,포장 - 건조,맑음,단일로 - 기타,승용,남,54세,상해없음,보행자,여,20세,부상신고
2019041600100606,2019년 4월 16일 20시,화요일,부산광역시 사하구 괴정동,경상사고,0,0,1,0,차대사람 - 기타,보행자보호의무위반,포장 - 건조,맑음,교차로 - 교차로안,화물,남,64세,상해없음,보행자,여,57세,경상
2019041600100607,2019년 4월 16일 20시,화요일,부산광역시 사하구 장림동,부상신고사고,0,0,0,1,차대사람 - 길가장자리구역통행중,안전운전불이행,포장 - 건조,맑음,단일로 - 기타,기타불명,기타불명,미분류,기타불명,보행자,여,62세,부상신고
2019041600100633,2019년 4월 16일 21시,화요일,부산광역시 북구 덕천동,경상사고,0,0,1,0,차대사람 - 차도통행중,안전운전불이행,포장 - 건조,맑음,단일로 - 지하차도(도로)내,승용,남,22세,상해없음,보행자,남,39세,경상
2019041700100021,2019년 4월 17일 00시,수요일,부산광역시 해운대구 우동,경상사고,0,0,1,0,차대사람 - 기타,안전운전불이행,포장 - 건조,맑음,교차로 - 교차로부근,원동기,남,17세,상해없음,보행자,남,56세,경상
2019041700100059,2019년 4월 17일 05시,수요일,부산광역시 부산진구 양정동,경상사고,0,0,1,0,차대사람 - 기타,보행자보호의무위반,포장 - 건조,맑음,단일로 - 기타,승용,남,65세,기타불명,보행자,여,23세,경상
2019041700100069,2019년 4월 17일 06시,수요일,부산광역시 북구 구포동,경상사고,0,0,1,0,차대사람 - 기타,보행자보호의무위반,포장 - 건조,맑음,교차로 - 교차로횡단보도내,승용,남,66세,상해없음,보행자,남,38세,경상
2019041700100125,2019년 4월 17일 08시,수요일,부산광역시 동래구 온천동,부상신고사고,0,0,0,1,차대사람 - 차도통행중,안전운전불이행,포장 - 건조,맑음,단일로 - 기타,자전거,남,14세,상해없음,보행자,여,7세,부상신고
2019041700100127,2019년 4월 17일 08시,수요일,부산광역시 사상구 주례동,중상사고,0,1,0,0,차대사람 - 횡단중,보행자보호의무위반,포장 - 건조,맑음,교차로 - 교차로횡단보도내,승용,남,57세,상해없음,보행자,여,73세,중상
2019041700100238,2019년 4월 17일 11시,수요일,부산광역시 동구 초량동,중상사고,0,1,0,0,차대사람 - 기타,안전운전불이행,포장 - 건조,맑음,단일로 - 기타,화물,남,45세,상해없음,보행자,여,62세,중상
2019041700100264,2019년 4월 17일 12시,수요일,부산광역시 남구 대연동,중상사고,0,1,0,0,차대사람 - 횡단중,안전운전불이행,포장 - 건조,맑음,단일로 - 기타,이륜,남,21세,상해없음,보행자,여,76세,중상
2019041700100265,2019년 4월 17일 12시,수요일,부산광역시 부산진구 부전동,경상사고,0,0,1,0,차대사람 - 기타,안전운전불이행,포장 - 건조,맑음,단일로 - 기타,승용,남,47세,상해없음,보행자,여,62세,경상
2019041700100328,2019년 4월 17일 14시,수요일,부산광역시 기장군 일광면,경상사고,0,0,1,0,차대사람 - 기타,보행자보호의무위반,포장 - 건조,맑음,단일로 - 기타,승용,남,54세,상해없음,보행자,여,58세,경상
2019041700100527,2019년 4월 17일 19시,수요일,부산광역시 동래구 온천동,경상사고,0,0,1,0,차대사람 - 차도통행중,안전운전불이행,포장 - 건조,맑음,단일로 - 기타,기타불명,기타불명,미분류,기타불명,보행자,남,71세,경상
2019041700100529,2019년 4월 17일 19시,수요일,부산광역시 사상구 괘법동,경상사고,0,0,1,0,차대사람 - 길가장자리구역통행중,안전운전불이행,포장 - 건조,맑음,교차로 - 교차로부근,승용,남,35세,상해없음,보행자,남,78세,경상
2019041700100600,2019년 4월 17일 21시,수요일,부산광역시 동래구 온천동,중상사고,0,1,0,0,차대사람 - 차도통행중,안전운전불이행,포장 - 건조,맑음,교차로 - 교차로안,승용,남,60세,상해없음,보행자,여,77세,중상
2019041800100112,2019년 4월 18일 08시,목요일,부산광역시 영도구 동삼동,경상사고,0,0,1,0,차대사람 - 횡단중,안전운전불이행,포장 - 건조,맑음,단일로 - 기타,화물,남,72세,상해없음,보행자,여,52세,경상
2019041800100158,2019년 4월 18일 09시,목요일,부산광역시 남구 대연동,중상사고,0,1,0,0,차대사람 - 보도통행중,교차로운행방법위반,포장 - 건조,맑음,교차로 - 교차로안,승합,남,45세,상해없음,보행자,남,63세,중상
2019041800100160,2019년 4월 18일 09시,목요일,부산광역시 해운대구 재송동,중상사고,0,1,0,0,차대사람 - 횡단중,신호위반,포장 - 건조,맑음,단일로 - 기타,이륜,남,67세,상해없음,보행자,여,25세,중상
2019041800100232,2019년 4월 18일 11시,목요일,부산광역시 부산진구 전포동,경상사고,0,0,1,0,차대사람 - 횡단중,보행자보호의무위반,포장 - 건조,맑음,교차로 - 교차로횡단보도내,승용,남,33세,상해없음,보행자,여,24세,경상
2019041800100260,2019년 4월 18일 12시,목요일,부산광역시 동래구 사직동,중상사고,0,1,0,0,차대사람 - 보도통행중,보행자보호의무위반,포장 - 건조,맑음,교차로 - 교차로안,승합,남,59세,상해없음,보행자,여,36세,중상
2019041800100290,2019년 4월 18일 13시,목요일,부산광역시 부산진구 초읍동,경상사고,0,0,1,0,차대사람 - 기타,안전운전불이행,포장 - 건조,맑음,단일로 - 기타,이륜,남,47세,상해없음,보행자,남,30세,경상
2019041800100325,2019년 4월 18일 14시,목요일,부산광역시 부산진구 가야동,중상사고,0,2,0,0,차대사람 - 횡단중,보행자보호의무위반,포장 - 건조,맑음,교차로 - 교차로횡단보도내,화물,남,23세,상해없음,보행자,여,19세,중상
2019041800100358,2019년 4월 18일 15시,목요일,부산광역시 동구 수정동,중상사고,0,1,0,0,차대사람 - 횡단중,보행자보호의무위반,포장 - 건조,맑음,교차로 - 교차로횡단보도내,화물,남,45세,상해없음,보행자,남,26세,중상
2019041800100362,2019년 4월 18일 15시,목요일,부산광역시 기장군 기장읍,경상사고,0,0,1,0,차대사람 - 기타,안전운전불이행,포장 - 건조,맑음,단일로 - 기타,승용,여,22세,상해없음,보행자,여,74세,경상
2019041800100435,2019년 4월 18일 17시,목요일,부산광역시 동래구 낙민동,중상사고,0,1,0,0,차대사람 - 횡단중,안전운전불이행,포장 - 건조,맑음,단일로 - 기타,승합,남,36세,상해없음,보행자,남,13세,중상
2019041900100168,2019년 4월 19일 09시,금요일,부산광역시 사하구 하단동,부상신고사고,0,0,0,1,차대사람 - 길가장자리구역통행중,안전운전불이행,포장 - 건조,맑음,단일로 - 기타,승용,여,40세,상해없음,보행자,여,22세,부상신고
2019041900100207,2019년 4월 19일 10시,금요일,부산광역시 연제구 연산동,중상사고,0,1,0,0,차대사람 - 횡단중,보행자보호의무위반,포장 - 건조,맑음,단일로 - 기타,건설기계,남,66세,상해없음,보행자,여,69세,중상
2019041900100208,2019년 4월 19일 10시,금요일,부산광역시 기장군 기장읍,중상사고,0,1,0,0,차대사람 - 보도통행중,신호위반,포장 - 건조,맑음,교차로 - 교차로횡단보도내,승용,여,49세,상해없음,보행자,여,77세,중상
2019041900100271,2019년 4월 19일 12시,금요일,부산광역시 연제구 거제동,경상사고,0,0,1,0,차대사람 - 횡단중,신호위반,포장 - 건조,맑음,교차로 - 교차로횡단보도내,승용,여,46세,상해없음,보행자,여,51세,경상
2019041900100345,2019년 4월 19일 14시,금요일,부산광역시 동구 초량동,중상사고,0,1,0,0,차대사람 - 기타,안전운전불이행,포장 - 건조,맑음,단일로 - 기타,승용,여,40세,상해없음,보행자,여,72세,중상
2019041900100378,2019년 4월 19일 15시,금요일,부산광역시 동래구 명륜동,경상사고,0,0,1,0,차대사람 - 횡단중,신호위반,포장 - 건조,맑음,단일로 - 기타,승용,남,71세,상해없음,보행자,남,10세,경상
2019041900100666,2019년 4월 19일 22시,금요일,부산광역시 해운대구 중동,경상사고,0,0,1,0,차대사람 - 횡단중,보행자보호의무위반,포장 - 기타,맑음,단일로 - 기타,승용,여,43세,상해없음,보행자,남,41세,경상
2019041900100668,2019년 4월 19일 22시,금요일,부산광역시 사하구 장림동,경상사고,0,0,1,0,차대사람 - 기타,안전운전불이행,포장 - 건조,맑음,단일로 - 지하차도(도로)내,승용,남,33세,상해없음,보행자,여,47세,경상
2019041900100706,2019년 4월 19일 23시,금요일,부산광역시 북구 금곡동,중상사고,0,1,0,0,차대사람 - 횡단중,안전운전불이행,포장 - 건조,맑음,단일로 - 기타,승용,남,32세,상해없음,보행자,여,56세,중상
2019041900100707,2019년 4월 19일 23시,금요일,부산광역시 동래구 수안동,중상사고,0,1,0,0,차대사람 - 기타,안전운전불이행,포장 - 건조,맑음,단일로 - 기타,화물,남,39세,상해없음,보행자,여,60세,중상
2019041900100708,2019년 4월 19일 23시,금요일,부산광역시 부산진구 개금동,중상사고,0,1,0,0,차대사람 - 횡단중,안전운전불이행,포장 - 건조,맑음,교차로 - 교차로횡단보도내,승용,남,28세,상해없음,보행자,남,48세,중상
2019041900100709,2019년 4월 19일 23시,금요일,부산광역시 금정구 구서동,사망사고,1,0,0,0,차대사람 - 기타,안전운전불이행,포장 - 건조,맑음,단일로 - 기타,화물,남,57세,상해없음,보행자,남,62세,사망
2019042000100026,2019년 4월 20일 00시,토요일,부산광역시 사하구 괴정동,중상사고,0,1,0,0,차대사람 - 횡단중,신호위반,포장 - 건조,맑음,단일로 - 기타,이륜,남,23세,상해없음,보행자,남,41세,중상
2019042000100048,2019년 4월 20일 01시,토요일,부산광역시 동래구 낙민동,경상사고,0,0,1,0,차대사람 - 기타,안전운전불이행,포장 - 건조,맑음,단일로 - 기타,승용,남,52세,상해없음,보행자,여,48세,경상
2019042000100156,2019년 4월 20일 09시,토요일,부산광역시 중구 동광동4가,경상사고,0,0,1,0,차대사람 - 길가장자리구역통행중,안전운전불이행,포장 - 건조,맑음,단일로 - 기타,승용,남,61세,상해없음,보행자,남,58세,경상
2019042000100200,2019년 4월 20일 10시,토요일,부산광역시 기장군 정관읍,중상사고,0,1,0,0,차대사람 - 횡단중,안전운전불이행,포장 - 기타,맑음,기타 - 기타,승용,여,41세,상해없음,보행자,여,76세,중상
2019042000100238,2019년 4월 20일 11시,토요일,부산광역시 영도구 영선동4가,경상사고,0,0,1,0,차대사람 - 보도통행중,기타,포장 - 건조,맑음,단일로 - 기타,승용,남,51세,상해없음,보행자,여,70세,경상
2019042000100275,2019년 4월 20일 12시,토요일,부산광역시 연제구 거제동,중상사고,0,1,0,0,차대사람 - 횡단중,보행자보호의무위반,포장 - 건조,맑음,교차로 - 교차로횡단보도내,승용,남,25세,상해없음,보행자,여,77세,중상
2019042000100614,2019년 4월 20일 21시,토요일,부산광역시 남구 대연동,경상사고,0,0,1,0,차대사람 - 기타,안전운전불이행,포장 - 건조,맑음,단일로 - 기타,승용,여,22세,상해없음,보행자,남,26세,경상
2019042000100676,2019년 4월 20일 23시,토요일,부산광역시 중구 남포동1가,중상사고,0,1,1,0,차대사람 - 횡단중,안전운전불이행,포장 - 건조,맑음,단일로 - 기타,승용,남,32세,상해없음,보행자,남,61세,중상
2019042000100677,2019년 4월 20일 23시,토요일,부산광역시 중구 부평동2가,경상사고,0,0,1,0,차대사람 - 횡단중,안전운전불이행,포장 - 건조,맑음,교차로 - 교차로부근,승용,여,62세,상해없음,보행자,남,50세,경상
2019042100100051,2019년 4월 21일 02시,일요일,부산광역시 북구 덕천동,경상사고,0,0,1,0,차대사람 - 기타,안전운전불이행,포장 - 건조,맑음,단일로 - 기타,승용,남,48세,상해없음,보행자,남,24세,경상
2019042100100128,2019년 4월 21일 09시,일요일,부산광역시 수영구 광안동,부상신고사고,0,0,0,1,차대사람 - 횡단중,보행자보호의무위반,포장 - 건조,맑음,교차로 - 교차로횡단보도내,승용,남,63세,기타불명,보행자,남,30세,부상신고
2019042100100198,2019년 4월 21일 12시,일요일,부산광역시 중구 대청동2가,경상사고,0,0,1,0,차대사람 - 길가장자리구역통행중,안전운전불이행,포장 - 건조,맑음,단일로 - 기타,승용,남,41세,상해없음,보행자,남,31세,경상
2019042100100224,2019년 4월 21일 13시,일요일,부산광역시 서구 서대신동3가,부상신고사고,0,0,0,1,차대사람 - 길가장자리구역통행중,안전운전불이행,포장 - 건조,맑음,단일로 - 기타,기타불명,기타불명,미분류,기타불명,보행자,남,66세,부상신고
2019042100100346,2019년 4월 21일 18시,일요일,부산광역시 부산진구 전포동,중상사고,0,1,0,0,차대사람 - 기타,안전운전불이행,포장 - 건조,맑음,교차로 - 교차로안,승용,남,42세,상해없음,보행자,남,69세,중상
2019042200100049,2019년 4월 22일 05시,월요일,부산광역시 해운대구 석대동,중상사고,0,1,0,0,차대사람 - 횡단중,안전운전불이행,포장 - 건조,맑음,교차로 - 교차로안,승합,남,40세,상해없음,보행자,남,82세,중상
2019042200100115,2019년 4월 22일 08시,월요일,부산광역시 동래구 안락동,중상사고,0,1,0,0,차대사람 - 차도통행중,안전운전불이행,포장 - 건조,맑음,단일로 - 기타,화물,남,64세,상해없음,보행자,여,12세,중상
2019042200100356,2019년 4월 22일 14시,월요일,부산광역시 금정구 장전동,경상사고,0,0,1,0,차대사람 - 기타,신호위반,포장 - 건조,맑음,단일로 - 기타,승용,남,39세,상해없음,보행자,여,71세,경상
2019042200100445,2019년 4월 22일 16시,월요일,부산광역시 해운대구 좌동,경상사고,0,0,1,0,차대사람 - 기타,안전운전불이행,포장 - 기타,맑음,단일로 - 기타,승용,여,28세,상해없음,보행자,남,5세,경상
2019042200100448,2019년 4월 22일 16시,월요일,부산광역시 사하구 하단동,중상사고,0,1,0,0,차대사람 - 횡단중,보행자보호의무위반,포장 - 건조,맑음,단일로 - 기타,승용,남,33세,상해없음,보행자,여,9세,중상
2019042200100449,2019년 4월 22일 16시,월요일,부산광역시 수영구 망미동,경상사고,0,0,1,0,차대사람 - 기타,안전운전불이행,포장 - 건조,맑음,교차로 - 교차로안,승용,남,60세,상해없음,보행자,남,45세,경상
2019042200100490,2019년 4월 22일 17시,월요일,부산광역시 남구 대연동,경상사고,0,0,1,0,차대사람 - 횡단중,안전운전불이행,포장 - 건조,맑음,단일로 - 기타,승용,여,56세,상해없음,보행자,남,17세,경상
2019042200100491,2019년 4월 22일 17시,월요일,부산광역시 기장군 철마면,중상사고,0,1,0,0,차대사람 - 차도통행중,안전운전불이행,포장 - 건조,맑음,단일로 - 기타,이륜,남,14세,상해없음,보행자,남,16세,중상
2019042200100592,2019년 4월 22일 19시,월요일,부산광역시 북구 화명동,경상사고,0,0,1,0,차대사람 - 횡단중,신호위반,포장 - 건조,맑음,단일로 - 기타,이륜,남,28세,상해없음,보행자,남,8세,경상
2019042200100594,2019년 4월 22일 19시,월요일,부산광역시 해운대구 반송동,경상사고,0,0,1,0,차대사람 - 횡단중,보행자보호의무위반,포장 - 건조,맑음,교차로 - 교차로안,승용,남,18세,상해없음,보행자,여,39세,경상
2019042200100697,2019년 4월 22일 23시,월요일,부산광역시 동래구 사직동,중상사고,0,1,0,0,차대사람 - 횡단중,안전운전불이행,포장 - 건조,맑음,단일로 - 기타,승용,남,64세,상해없음,보행자,여,16세,중상
2019042200100698,2019년 4월 22일 23시,월요일,부산광역시 부산진구 부전동,경상사고,0,0,1,0,차대사람 - 횡단중,안전운전불이행,포장 - 건조,맑음,교차로 - 교차로부근,승용,남,58세,상해없음,보행자,여,60세,경상
2019042300100036,2019년 4월 23일 02시,화요일,부산광역시 해운대구 우동,경상사고,0,0,1,0,차대사람 - 기타,안전운전불이행,포장 - 건조,맑음,단일로 - 기타,승용,남,31세,상해없음,보행자,여,64세,경상
2019042300100181,2019년 4월 23일 10시,화요일,부산광역시 사하구 감천동,경상사고,0,0,1,0,차대사람 - 기타,안전운전불이행,포장 - 젖음/습기,흐림,단일로 - 지하차도(도로)내,승용,남,51세,상해없음,보행자,여,81세,경상
2019042300100263,2019년 4월 23일 13시,화요일,부산광역시 부산진구 초읍동,중상사고,0,1,0,0,차대사람 - 횡단중,신호위반,포장 - 건조,맑음,단일로 - 기타,이륜,남,55세,상해없음,보행자,남,67세,중상
2019042300100365,2019년 4월 23일 16시,화요일,부산광역시 동래구 복천동,중상사고,0,1,0,0,차대사람 - 차도통행중,안전운전불이행,포장 - 건조,맑음,단일로 - 기타,승용,여,63세,상해없음,보행자,여,65세,중상
2019042300100367,2019년 4월 23일 16시,화요일,부산광역시 연제구 연산동,경상사고,0,0,1,0,차대사람 - 횡단중,보행자보호의무위반,포장 - 젖음/습기,비,단일로 - 기타,승용,남,71세,상해없음,보행자,남,6세,경상
2019042300100411,2019년 4월 23일 17시,화요일,부산광역시 부산진구 개금동,경상사고,0,0,1,0,차대사람 - 횡단중,보행자보호의무위반,포장 - 건조,맑음,교차로 - 교차로부근,승합,남,52세,상해없음,보행자,여,18세,경상
2019042300100456,2019년 4월 23일 18시,화요일,부산광역시 연제구 연산동,중상사고,0,1,0,0,차대사람 - 길가장자리구역통행중,안전운전불이행,포장 - 젖음/습기,흐림,단일로 - 기타,승용,여,61세,상해없음,보행자,여,59세,중상
2019042300100497,2019년 4월 23일 19시,화요일,부산광역시 수영구 광안동,경상사고,0,0,1,0,차대사람 - 기타,안전운전불이행,포장 - 젖음/습기,흐림,교차로 - 교차로부근,승용,남,35세,상해없음,보행자,남,47세,경상
2019042300100532,2019년 4월 23일 20시,화요일,부산광역시 수영구 수영동,중상사고,0,1,0,0,차대사람 - 횡단중,보행자보호의무위반,포장 - 젖음/습기,비,단일로 - 기타,승용,남,55세,상해없음,보행자,여,34세,중상
2019042300100576,2019년 4월 23일 21시,화요일,부산광역시 강서구 대저2동,중상사고,0,1,0,0,차대사람 - 횡단중,안전운전불이행,포장 - 젖음/습기,비,교차로 - 교차로횡단보도내,승용,남,59세,상해없음,보행자,남,55세,중상
2019042400100026,2019년 4월 24일 00시,수요일,부산광역시 부산진구 부전동,경상사고,0,0,3,0,차대사람 - 기타,안전운전불이행,포장 - 젖음/습기,비,교차로 - 교차로안,승합,남,48세,상해없음,보행자,남,47세,경상
2019042400100116,2019년 4월 24일 06시,수요일,부산광역시 중구 남포동4가,경상사고,0,0,1,0,차대사람 - 차도통행중,기타,포장 - 젖음/습기,비,단일로 - 기타,승용,남,67세,상해없음,보행자,남,50세,경상
2019042400100248,2019년 4월 24일 10시,수요일,부산광역시 금정구 부곡동,경상사고,0,0,1,0,차대사람 - 횡단중,보행자보호의무위반,포장 - 건조,맑음,교차로 - 교차로부근,화물,남,58세,상해없음,보행자,남,67세,경상
2019042400100320,2019년 4월 24일 13시,수요일,부산광역시 북구 금곡동,중상사고,0,1,0,0,차대사람 - 기타,기타,포장 - 젖음/습기,흐림,기타 - 기타,승용,남,51세,상해없음,보행자,여,90세 이상,중상
2019042400100385,2019년 4월 24일 15시,수요일,부산광역시 동구 초량동,경상사고,0,0,1,0,차대사람 - 보도통행중,기타,포장 - 건조,맑음,기타 - 기타,이륜,남,38세,상해없음,보행자,남,26세,경상
2019042400100555,2019년 4월 24일 19시,수요일,부산광역시 해운대구 우동,중상사고,0,1,0,0,차대사람 - 보도통행중,안전운전불이행,포장 - 건조,맑음,단일로 - 기타,승용,남,28세,상해없음,보행자,여,35세,중상