사고번호,사고일시,요일,시군구,사고내용,사망자수,중상자수,경상자수,부상신고자수,사고유형,법규위반,노면상태,기상상태,도로형태,가해운전자 차종,가해운전자 성별,가해운전자 연령,가해운전자 상해정도,피해운전자 차종,피해운전자 성별,피해운전자 연령,피해운전자 상해정도
2019080200100137,2019년 8월 2일 09시,금요일,부산광역시 해운대구 재송동,경상사고,0,0,1,0,차대사람 - 길가장자리구역통행중,안전운전불이행,포장 - 건조,맑음,교차로 - 교차로안,화물,남,44세,상해없음,보행자,여,43세,경상
2019080200100170,2019년 8월 2일 10시,금요일,부산광역시 연제구 연산동,중상사고,0,1,0,0,차대사람 - 기타,안전운전불이행,포장 - 건조,맑음,교차로 - 교차로안,화물,남,74세,상해없음,보행자,여,66세,중상
2019080200100200,2019년 8월 2일 11시,금요일,부산광역시 사상구 덕포동,경상사고,0,0,1,0,차대사람 - 기타,안전운전불이행,포장 - 건조,맑음,단일로 - 기타,승용,여,56세,상해없음,보행자,남,66세,경상
2019080200100245,2019년 8월 2일 12시,금요일,부산광역시 금정구 서동,경상사고,0,0,1,0,차대사람 - 기타,보행자보호의무위반,포장 - 건조,맑음,교차로 - 교차로부근,화물,남,52세,상해없음,보행자,남,65세,경상
2019080200100449,2019년 8월 2일 17시,금요일,부산광역시 부산진구 부전동,경상사고,0,0,1,0,차대사람 - 기타,안전운전불이행,포장 - 건조,맑음,단일로 - 기타,승용,남,19세,상해없음,보행자,여,38세,경상
2019080200100516,2019년 8월 2일 18시,금요일,부산광역시 부산진구 부전동,중상사고,0,1,0,0,차대사람 - 보도통행중,보행자보호의무위반,포장 - 건조,맑음,단일로 - 기타,이륜,남,43세,상해없음,보행자,여,45세,중상
2019080200100597,2019년 8월 2일 20시,금요일,부산광역시 북구 구포동,경상사고,0,0,1,0,차대사람 - 보도통행중,안전운전불이행,포장 - 건조,맑음,단일로 - 지하차도(도로)내,승용,남,68세,상해없음,보행자,남,41세,경상
2019080200100598,2019년 8월 2일 20시,금요일,부산광역시 사상구 괘법동,경상사고,0,0,1,0,차대사람 - 횡단중,안전운전불이행,포장 - 건조,맑음,교차로 - 교차로횡단보도내,이륜,남,23세,상해없음,보행자,남,56세,경상
2019080200100632,2019년 8월 2일 21시,금요일,부산광역시 동구 범일동,경상사고,0,0,1,0,차대사람 - 기타,안전운전불이행,포장 - 건조,맑음,단일로 - 기타,승합,남,34세,상해없음,보행자,여,37세,경상
2019080200100669,2019년 8월 2일 22시,금요일,부산광역시 기장군 기장읍,중상사고,0,1,0,0,차대사람 - 횡단중,신호위반,포장 - 건조,맑음,교차로 - 교차로횡단보도내,승용,남,42세,상해없음,보행자,남,46세,중상
2019080300100028,2019년 8월 3일 00시,토요일,부산광역시 부산진구 전포동,경상사고,0,0,2,0,차대사람 - 기타,안전운전불이행,포장 - 건조,맑음,단일로 - 기타,승합,남,47세,경상,보행자,여,76세,경상
2019080300100050,2019년 8월 3일 02시,토요일,부산광역시 강서구 명지동,경상사고,0,0,1,0,차대사람 - 횡단중,안전운전불이행,포장 - 건조,맑음,단일로 - 기타,승용,남,48세,상해없음,보행자,남,22세,경상
2019080300100059,2019년 8월 3일 03시,토요일,부산광역시 중구 남포동5가,중상사고,0,1,0,0,차대사람 - 횡단중,안전운전불이행,포장 - 건조,맑음,단일로 - 기타,승용,남,54세,상해없음,보행자,여,58세,중상
2019080300100106,2019년 8월 3일 08시,토요일,부산광역시 해운대구 중동,중상사고,0,1,0,0,차대사람 - 기타,안전운전불이행,포장 - 건조,맑음,교차로 - 교차로부근,승용,남,71세,상해없음,보행자,남,65세,중상
2019080300100155,2019년 8월 3일 10시,토요일,부산광역시 동래구 명장동,경상사고,0,0,1,0,차대사람 - 기타,안전운전불이행,포장 - 건조,맑음,단일로 - 기타,승용,여,66세,상해없음,보행자,남,32세,경상
2019080300100219,2019년 8월 3일 12시,토요일,부산광역시 중구 남포동6가,경상사고,0,0,1,0,차대사람 - 횡단중,안전운전불이행,포장 - 건조,맑음,단일로 - 기타,이륜,남,77세,상해없음,보행자,남,71세,경상
2019080300100317,2019년 8월 3일 15시,토요일,부산광역시 수영구 남천동,경상사고,0,0,1,0,차대사람 - 기타,안전운전불이행,포장 - 건조,맑음,단일로 - 기타,승용,남,51세,상해없음,보행자,여,18세,경상
2019080300100359,2019년 8월 3일 16시,토요일,부산광역시 부산진구 부전동,경상사고,0,0,1,0,차대사람 - 기타,안전운전불이행,포장 - 건조,맑음,단일로 - 기타,승합,남,58세,상해없음,보행자,남,84세,경상
2019080300100450,2019년 8월 3일 19시,토요일,부산광역시 수영구 망미동,경상사고,0,0,1,0,차대사람 - 차도통행중,안전운전불이행,포장 - 건조,맑음,단일로 - 기타,승용,남,62세,상해없음,보행자,여,35세,경상
2019080300100502,2019년 8월 3일 21시,토요일,부산광역시 영도구 동삼동,경상사고,0,0,1,0,차대사람 - 횡단중,신호위반,포장 - 건조,맑음,단일로 - 기타,승용,남,57세,상해없음,보행자,남,67세,경상
2019080400100025,2019년 8월 4일 00시,일요일,부산광역시 사상구 괘법동,부상신고사고,0,0,0,1,차대사람 - 보도통행중,기타,포장 - 건조,맑음,기타 - 기타,이륜,남,35세,상해없음,보행자,남,23세,부상신고
2019080400100044,2019년 8월 4일 01시,일요일,부산광역시 해운대구 우동,중상사고,0,1,0,0,차대사람 - 기타,안전운전불이행,포장 - 건조,맑음,단일로 - 기타,자전거,남,45세,기타불명,보행자,남,27세,중상
2019080400100087,2019년 8월 4일 05시,일요일,부산광역시 사하구 다대동,경상사고,0,0,1,0,차대사람 - 기타,안전운전불이행,포장 - 건조,맑음,주차장 - 주차장,승용,여,65세,상해없음,보행자,여,75세,경상
2019080400100172,2019년 8월 4일 11시,일요일,부산광역시 강서구 대저2동,경상사고,0,0,1,0,차대사람 - 기타,안전운전불이행,포장 - 건조,맑음,단일로 - 기타,자전거,남,64세,상해없음,보행자,여,62세,경상
2019080400100294,2019년 8월 4일 15시,일요일,부산광역시 부산진구 전포동,경상사고,0,0,1,0,차대사람 - 횡단중,보행자보호의무위반,포장 - 건조,맑음,기타 - 기타,승용,남,67세,상해없음,보행자,남,19세,경상
2019080400100430,2019년 8월 4일 19시,일요일,부산광역시 기장군 기장읍,사망사고,1,2,1,0,차대사람 - 횡단중,중앙선침범,포장 - 건조,맑음,기타 - 기타,승용,남,66세,경상,보행자,여,47세,사망
2019080400100459,2019년 8월 4일 20시,일요일,부산광역시 동래구 온천동,경상사고,0,0,1,0,차대사람 - 기타,안전운전불이행,포장 - 건조,맑음,단일로 - 기타,승합,남,58세,상해없음,보행자,남,68세,경상
2019080500100035,2019년 8월 5일 02시,월요일,부산광역시 남구 대연동,경상사고,0,0,1,0,차대사람 - 길가장자리구역통행중,안전운전불이행,포장 - 건조,맑음,단일로 - 기타,승용,남,22세,상해없음,보행자,남,39세,경상
2019080500100036,2019년 8월 5일 02시,월요일,부산광역시 영도구 동삼동,경상사고,0,0,1,0,차대사람 - 기타,안전운전불이행,포장 - 건조,맑음,주차장 - 주차장,승용,남,31세,상해없음,보행자,여,30세,경상
2019080500100077,2019년 8월 5일 07시,월요일,부산광역시 수영구 망미동,경상사고,0,0,1,0,차대사람 - 차도통행중,안전운전불이행,포장 - 건조,맑음,단일로 - 기타,승용,남,78세,상해없음,보행자,남,67세,경상
2019080500100105,2019년 8월 5일 08시,월요일,부산광역시 남구 대연동,경상사고,0,0,1,0,차대사람 - 기타,안전운전불이행,포장 - 건조,맑음,단일로 - 기타,이륜,남,34세,상해없음,보행자,여,27세,경상
2019080500100106,2019년 8월 5일 08시,월요일,부산광역시 사상구 엄궁동,부상신고사고,0,0,0,1,차대사람 - 길가장자리구역통행중,안전운전불이행,포장 - 건조,맑음,교차로 - 교차로안,건설기계,남,41세,상해없음,보행자,남,35세,부상신고
2019080500100140,2019년 8월 5일 09시,월요일,부산광역시 영도구 봉래동5가,경상사고,0,0,1,0,차대사람 - 횡단중,보행자보호의무위반,포장 - 건조,맑음,단일로 - 기타,승용,여,44세,상해없음,보행자,남,8세,경상
2019080500100182,2019년 8월 5일 10시,월요일,부산광역시 북구 구포동,부상신고사고,0,0,0,1,차대사람 - 기타,안전운전불이행,포장 - 건조,맑음,단일로 - 기타,승용,여,51세,상해없음,보행자,남,51세,부상신고
2019080500100214,2019년 8월 5일 11시,월요일,부산광역시 금정구 남산동,부상신고사고,0,0,0,1,차대사람 - 기타,안전운전불이행,포장 - 건조,맑음,기타 - 기타,승용,여,50세,상해없음,보행자,남,21세,부상신고
2019080500100259,2019년 8월 5일 12시,월요일,부산광역시 동래구 명륜동,경상사고,0,0,1,0,차대사람 - 차도통행중,안전운전불이행,포장 - 건조,맑음,단일로 - 기타,승용,남,53세,상해없음,보행자,여,70세,경상
2019080500100260,2019년 8월 5일 12시,월요일,부산광역시 부산진구 전포동,중상사고,0,1,0,0,차대사람 - 기타,안전운전불이행,포장 - 건조,맑음,단일로 - 기타,기타불명,기타불명,미분류,기타불명,보행자,여,71세,중상
2019080500100261,2019년 8월 5일 12시,월요일,부산광역시 사상구 삼락동,경상사고,0,0,1,0,차대사람 - 차도통행중,안전운전불이행,포장 - 건조,맑음,단일로 - 기타,승용,남,68세,상해없음,보행자,남,57세,경상
2019080500100348,2019년 8월 5일 14시,월요일,부산광역시 수영구 남천동,경상사고,0,0,1,0,차대사람 - 차도통행중,안전운전불이행,포장 - 건조,맑음,단일로 - 기타,승용,남,67세,상해없음,보행자,남,44세,경상
2019080500100349,2019년 8월 5일 14시,월요일,부산광역시 동래구 온천동,경상사고,0,0,1,0,차대사람 - 기타,안전운전불이행,포장 - 건조,맑음,주차장 - 주차장,승용,여,32세,상해없음,보행자,남,42세,경상
2019080500100475,2019년 8월 5일 17시,월요일,부산광역시 부산진구 부전동,경상사고,0,0,1,0,차대사람 - 차도통행중,안전운전불이행,포장 - 건조,맑음,단일로 - 기타,승용,남,71세,상해없음,보행자,남,20세,경상
2019080500100617,2019년 8월 5일 21시,월요일,부산광역시 영도구 남항동3가,경상사고,0,0,1,0,차대사람 - 횡단중,안전운전불이행,포장 - 건조,맑음,기타 - 기타,승용,남,38세,상해없음,보행자,여,57세,경상
2019080500100618,2019년 8월 5일 21시,월요일,부산광역시 사상구 덕포동,경상사고,0,0,1,0,차대사람 - 기타,안전운전불이행,포장 - 건조,맑음,단일로 - 기타,승용,남,45세,상해없음,보행자,여,26세,경상
2019080600100108,2019년 8월 6일 08시,화요일,부산광역시 남구 문현동,중상사고,0,1,0,0,차대사람 - 기타,안전운전불이행,포장 - 건조,맑음,단일로 - 기타,승용,남,39세,상해없음,보행자,여,25세,중상
2019080600100250,2019년 8월 6일 12시,화요일,부산광역시 해운대구 좌동,경상사고,0,0,1,0,차대사람 - 횡단중,신호위반,포장 - 젖음/습기,비,교차로 - 교차로부근,화물,남,59세,상해없음,보행자,여,8세,경상
2019080600100360,2019년 8월 6일 15시,화요일,부산광역시 수영구 수영동,경상사고,0,0,1,0,차대사람 - 기타,안전운전불이행,포장 - 젖음/습기,비,단일로 - 기타,승합,남,46세,상해없음,보행자,여,64세,경상
2019080600100487,2019년 8월 6일 18시,화요일,부산광역시 북구 구포동,경상사고,0,0,1,0,차대사람 - 길가장자리구역통행중,안전운전불이행,포장 - 젖음/습기,비,교차로 - 교차로부근,화물,남,55세,상해없음,보행자,남,51세,경상
2019080600100488,2019년 8월 6일 18시,화요일,부산광역시 동래구 온천동,경상사고,0,0,1,0,차대사람 - 길가장자리구역통행중,안전운전불이행,포장 - 젖음/습기,비,단일로 - 기타,승용,남,65세,상해없음,보행자,여,61세,경상
2019080700100027,2019년 8월 7일 00시,수요일,부산광역시 연제구 연산동,경상사고,0,0,1,0,차대사람 - 횡단중,신호위반,포장 - 건조,맑음,단일로 - 기타,승용,남,65세,기타불명,보행자,남,18세,경상
2019080700100154,2019년 8월 7일 09시,수요일,부산광역시 동래구 명륜동,경상사고,0,0,1,0,차대사람 - 횡단중,보행자보호의무위반,포장 - 건조,맑음,단일로 - 기타,승용,남,79세,상해없음,보행자,여,60세,경상
2019080700100256,2019년 8월 7일 12시,수요일,부산광역시 동구 초량동,경상사고,0,0,1,0,차대사람 - 기타,기타,포장 - 건조,맑음,단일로 - 기타,승용,남,69세,상해없음,보행자,남,22세,경상
2019080700100410,2019년 8월 7일 16시,수요일,부산광역시 동래구 낙민동,중상사고,0,1,0,0,차대사람 - 차도통행중,안전운전불이행,포장 - 건조,맑음,단일로 - 기타,승합,여,59세,상해없음,보행자,여,9세,중상
2019080700100450,2019년 8월 7일 17시,수요일,부산광역시 수영구 남천동,중상사고,0,1,0,0,차대사람 - 길가장자리구역통행중,안전운전불이행,포장 - 건조,맑음,단일로 - 기타,승용,여,44세,상해없음,보행자,여,20세,중상
2019080700100500,2019년 8월 7일 18시,수요일,부산광역시 수영구 광안동,중상사고,0,1,1,0,차대사람 - 횡단중,안전운전불이행,포장 - 건조,맑음,교차로 - 교차로안,화물,남,46세,상해없음,보행자,여,65세,중상
2019080700100501,2019년 8월 7일 18시,수요일,부산광역시 남구 대연동,경상사고,0,0,1,0,차대사람 - 횡단중,신호위반,포장 - 건조,맑음,기타 - 기타,승용,여,61세,상해없음,보행자,여,64세,경상
2019080700100567,2019년 8월 7일 20시,수요일,부산광역시 해운대구 우동,경상사고,0,0,1,0,차대사람 - 차도통행중,안전운전불이행,포장 - 건조,맑음,교차로 - 교차로안,승용,남,41세,상해없음,보행자,남,68세,경상
2019080700100568,2019년 8월 7일 20시,수요일,부산광역시 금정구 부곡동,경상사고,0,0,1,0,차대사람 - 횡단중,안전운전불이행,포장 - 건조,맑음,단일로 - 기타,승용,남,61세,상해없음,보행자,여,52세,경상
2019080700100569,2019년 8월 7일 20시,수요일,부산광역시 사하구 장림동,경상사고,0,0,1,0,차대사람 - 차도통행중,안전운전불이행,포장 - 건조,맑음,단일로 - 지하차도(도로)내,화물,남,41세,상해없음,보행자,남,65세,경상
2019080700100608,2019년 8월 7일 21시,수요일,부산광역시 기장군 정관읍,경상사고,0,0,1,0,차대사람 - 횡단중,기타,포장 - 건조,맑음,단일로 - 기타,승용,남,55세,상해없음,보행자,여,40세,경상
2019080700100656,2019년 8월 7일 23시,수요일,부산광역시 금정구 장전동,경상사고,0,0,1,0,차대사람 - 횡단중,기타,포장 - 건조,맑음,교차로 - 교차로안,승용,남,19세,상해없음,보행자,남,45세,경상
2019080800100030,2019년 8월 8일 01시,목요일,부산광역시 동래구 명륜동,중상사고,0,1,0,0,차대사람 - 기타,안전운전불이행,포장 - 건조,맑음,단일로 - 기타,승용,남,32세,상해없음,보행자,남,28세,중상
2019080800100043,2019년 8월 8일 02시,목요일,부산광역시 수영구 광안동,경상사고,0,0,1,0,차대사람 - 횡단중,안전운전불이행,포장 - 건조,맑음,단일로 - 기타,승용,남,59세,상해없음,보행자,남,24세,경상
2019080800100190,2019년 8월 8일 10시,목요일,부산광역시 해운대구 반여동,부상신고사고,0,0,0,1,차대사람 - 횡단중,안전운전불이행,포장 - 건조,맑음,교차로 - 교차로부근,승합,남,54세,상해없음,보행자,남,74세,부상신고
2019080800100270,2019년 8월 8일 12시,목요일,부산광역시 북구 구포동,중상사고,0,1,0,0,차대사람 - 횡단중,신호위반,포장 - 건조,맑음,교차로 - 교차로횡단보도내,이륜,남,63세,상해없음,보행자,여,65세,중상
2019080800100364,2019년 8월 8일 15시,목요일,부산광역시 동래구 사직동,경상사고,0,0,1,0,차대사람 - 횡단중,보행자보호의무위반,포장 - 건조,맑음,교차로 - 교차로횡단보도내,승합,남,48세,상해없음,보행자,남,22세,경상
2019080800100438,2019년 8월 8일 17시,목요일,부산광역시 남구 대연동,중상사고,0,1,0,0,차대사람 - 차도통행중,안전운전불이행,포장 - 건조,맑음,단일로 - 기타,승용,남,61세,상해없음,보행자,여,56세,중상
2019080800100441,2019년 8월 8일 17시,목요일,부산광역시 사상구 괘법동,경상사고,0,0,1,0,차대사람 - 기타,안전운전불이행,포장 - 건조,맑음,단일로 - 기타,승용,여,50세,상해없음,보행자,남,23세,경상
2019080800100555,2019년 8월 8일 20시,목요일,부산광역시 해운대구 우동,경상사고,0,0,1,0,차대사람 - 기타,안전운전불이행,포장 - 건조,맑음,단일로 - 기타,승합,남,58세,상해없음,보행자,여,66세,경상
2019080800100589,2019년 8월 8일 21시,목요일,부산광역시 부산진구 개금동,경상사고,0,0,1,0,차대사람 - 기타,안전운전불이행,포장 - 건조,맑음,단일로 - 기타,승용,남,64세,상해없음,보행자,남,54세,경상
2019080800100636,2019년 8월 8일 23시,목요일,부산광역시 사하구 다대동,중상사고,0,1,0,0,차대사람 - 횡단중,보행자보호의무위반,포장 - 건조,맑음,교차로 - 교차로부근,승합,남,65세,상해없음,보행자,남,38세,중상
2019080900100057,2019년 8월 9일 02시,금요일,부산광역시 수영구 남천동,중상사고,0,1,0,0,차대사람 - 횡단중,안전운전불이행,포장 - 건조,맑음,단일로 - 기타,승용,남,63세,상해없음,보행자,여,13세,중상
2019080900100107,2019년 8월 9일 07시,금요일,부산광역시 강서구 대저2동,경상사고,0,0,1,0,차대사람 - 기타,안전운전불이행,포장 - 건조,맑음,단일로 - 기타,승용,남,62세,상해없음,보행자,남,70세,경상
2019080900100108,2019년 8월 9일 07시,금요일,부산광역시 사상구 괘법동,경상사고,0,0,1,0,차대사람 - 기타,안전운전불이행,포장 - 건조,맑음,단일로 - 기타,승용,남,61세,상해없음,보행자,남,49세,경상
2019080900100212,2019년 8월 9일 10시,금요일,부산광역시 남구 문현동,중상사고,0,1,0,0,차대사람 - 횡단중,보행자보호의무위반,포장 - 건조,맑음,단일로 - 기타,화물,남,50세,상해없음,보행자,여,39세,중상
2019080900100243,2019년 8월 9일 11시,금요일,부산광역시 연제구 연산동,사망사고,1,0,0,0,차대사람 - 기타,안전운전불이행,포장 - 건조,맑음,단일로 - 기타,승용,남,62세,상해없음,보행자,여,78세,사망
2019080900100244,2019년 8월 9일 11시,금요일,부산광역시 강서구 송정동,경상사고,0,0,1,0,차대사람 - 기타,안전운전불이행,비포장 - 건조,맑음,단일로 - 기타,승용,남,40세,상해없음,보행자,남,28세,경상
2019080900100283,2019년 8월 9일 12시,금요일,부산광역시 동래구 온천동,경상사고,0,0,1,0,차대사람 - 기타,안전운전불이행,포장 - 건조,맑음,단일로 - 기타,승합,남,63세,상해없음,보행자,남,23세,경상
2019080900100334,2019년 8월 9일 13시,금요일,부산광역시 해운대구 재송동,중상사고,0,1,0,0,차대사람 - 횡단중,보행자보호의무위반,포장 - 건조,맑음,교차로 - 교차로부근,이륜,남,23세,상해없음,보행자,여,77세,중상
2019080900100434,2019년 8월 9일 16시,금요일,부산광역시 영도구 동삼동,경상사고,0,0,1,0,차대사람 - 차도통행중,안전운전불이행,포장 - 건조,맑음,단일로 - 기타,승용,남,63세,상해없음,보행자,여,69세,경상
2019080900100543,2019년 8월 9일 18시,금요일,부산광역시 수영구 망미동,경상사고,0,0,1,0,차대사람 - 기타,안전운전불이행,포장 - 건조,맑음,단일로 - 기타,이륜,남,23세,상해없음,보행자,남,24세,경상
2019080900100544,2019년 8월 9일 18시,금요일,부산광역시 기장군 기장읍,경상사고,0,0,1,0,차대사람 - 길가장자리구역통행중,안전운전불이행,포장 - 건조,맑음,단일로 - 기타,승용,여,46세,상해없음,보행자,남,51세,경상
2019080900100634,2019년 8월 9일 20시,금요일,부산광역시 영도구 영선동4가,중상사고,0,1,0,0,차대사람 - 횡단중,보행자보호의무위반,포장 - 건조,맑음,교차로 - 교차로횡단보도내,승용,남,58세,상해없음,보행자,여,67세,중상
2019080900100636,2019년 8월 9일 20시,금요일,부산광역시 사상구 학장동,경상사고,0,0,1,0,차대사람 - 길가장자리구역통행중,안전운전불이행,포장 - 건조,맑음,교차로 - 교차로부근,승용,남,46세,상해없음,보행자,남,56세,경상
2019080900100677,2019년 8월 9일 21시,금요일,부산광역시 해운대구 중동,중상사고,0,1,0,0,차대사람 - 횡단중,보행자보호의무위반,포장 - 건조,맑음,교차로 - 교차로부근,승합,남,40세,상해없음,보행자,남,78세,중상
2019080900100732,2019년 8월 9일 23시,금요일,부산광역시 사하구 하단동,경상사고,0,0,1,0,차대사람 - 기타,안전운전불이행,포장 - 건조,맑음,단일로 - 기타,승용,남,49세,상해없음,보행자,남,33세,경상
2019081000100093,2019년 8월 10일 04시,토요일,부산광역시 중구 부평동1가,경상사고,0,0,1,0,차대사람 - 차도통행중,안전운전불이행,포장 - 건조,맑음,단일로 - 기타,승용,남,77세,상해없음,보행자,남,49세,경상
2019081000100094,2019년 8월 10일 04시,토요일,부산광역시 수영구 남천동,사망사고,1,0,0,0,차대사람 - 기타,안전운전불이행,포장 - 건조,맑음,단일로 - 기타,승용,남,67세,상해없음,보행자,남,29세,사망
2019081000100110,2019년 8월 10일 05시,토요일,부산광역시 해운대구 중동,경상사고,0,0,1,0,차대사람 - 보도통행중,안전운전불이행,포장 - 건조,맑음,단일로 - 기타,승합,남,50세,상해없음,보행자,여,58세,경상
2019081000100181,2019년 8월 10일 09시,토요일,부산광역시 북구 금곡동,중상사고,0,1,0,0,차대사람 - 횡단중,안전운전불이행,포장 - 건조,맑음,교차로 - 교차로안,승용,여,58세,상해없음,보행자,여,85세,중상
2019081000100227,2019년 8월 10일 10시,토요일,부산광역시 동래구 수안동,경상사고,0,0,1,0,차대사람 - 횡단중,보행자보호의무위반,포장 - 건조,맑음,단일로 - 기타,승용,남,42세,상해없음,보행자,남,48세,경상
2019081000100228,2019년 8월 10일 10시,토요일,부산광역시 영도구 청학동,경상사고,0,0,1,0,차대사람 - 길가장자리구역통행중,안전운전불이행,포장 - 건조,맑음,단일로 - 기타,기타불명,기타불명,미분류,기타불명,보행자,여,74세,경상
2019081000100309,2019년 8월 10일 12시,토요일,부산광역시 부산진구 부전동,경상사고,0,0,1,0,차대사람 - 길가장자리구역통행중,안전운전불이행,포장 - 건조,맑음,단일로 - 기타,화물,남,79세,상해없음,보행자,여,68세,경상
2019081000100355,2019년 8월 10일 13시,토요일,부산광역시 부산진구 부전동,경상사고,0,0,1,0,차대사람 - 횡단중,안전운전불이행,포장 - 건조,맑음,단일로 - 기타,이륜,남,20세,상해없음,보행자,여,5세,경상
2019081000100356,2019년 8월 10일 13시,토요일,부산광역시 사상구 모라동,중상사고,0,1,0,0,차대사람 - 횡단중,보행자보호의무위반,포장 - 건조,맑음,기타 - 기타,승용,남,50세,상해없음,보행자,남,52세,중상
2019081000100399,2019년 8월 10일 14시,토요일,부산광역시 금정구 서동,중상사고,0,1,0,0,차대사람 - 길가장자리구역통행중,안전운전불이행,포장 - 건조,맑음,단일로 - 기타,이륜,남,17세,상해없음,보행자,여,74세,중상
2019081000100493,2019년 8월 10일 17시,토요일,부산광역시 부산진구 개금동,경상사고,0,0,1,0,차대사람 - 기타,중앙선침범,포장 - 건조,맑음,단일로 - 기타,이륜,남,19세,상해없음,보행자,남,20세,경상
2019081000100591,2019년 8월 10일 20시,토요일,부산광역시 기장군 일광면,중상사고,0,1,0,0,차대사람 - 횡단중,보행자보호의무위반,포장 - 건조,맑음,단일로 - 기타,승용,남,20세,상해없음,보행자,여,50세,중상
2019081100100034,2019년 8월 11일 01시,일요일,부산광역시 북구 구포동,경상사고,0,0,1,0,차대사람 - 횡단중,안전운전불이행,포장 - 건조,맑음,교차로 - 교차로횡단보도내,승용,남,35세,상해없음,보행자,남,31세,경상
2019081100100088,2019년 8월 11일 07시,일요일,부산광역시 사하구 감천동,중상사고,0,1,0,0,차대사람 - 기타,안전운전불이행,포장 - 건조,맑음,교차로 - 교차로안,승용,남,68세,상해없음,보행자,남,50세,중상
2019081100100103,2019년 8월 11일 08시,일요일,부산광역시 사하구 하단동,경상사고,0,0,1,0,차대사람 - 횡단중,신호위반,포장 - 건조,맑음,단일로 - 기타,승용,여,55세,상해없음,보행자,남,78세,경상
2019081100100276,2019년 8월 11일 15시,일요일,부산광역시 기장군 정관읍,경상사고,0,0,1,0,차대사람 - 길가장자리구역통행중,안전운전불이행,포장 - 건조,맑음,단일로 - 기타,승용,남,55세,상해없음,보행자,남,35세,경상
2019081100100357,2019년 8월 11일 18시,일요일,부산광역시 사하구 감천동,중상사고,0,1,0,0,차대사람 - 차도통행중,안전운전불이행,포장 - 건조,맑음,단일로 - 기타,승용,남,45세,상해없음,보행자,여,83세,중상
2019081200100048,2019년 8월 12일 01시,월요일,부산광역시 부산진구 부전동,경상사고,0,0,1,0,차대사람 - 보도통행중,기타,포장 - 건조,맑음,기타 - 기타,승용,남,21세,상해없음,보행자,남,51세,경상
2019081200100064,2019년 8월 12일 04시,월요일,부산광역시 해운대구 우동,경상사고,0,0,1,0,차대사람 - 기타,안전운전불이행,포장 - 건조,맑음,단일로 - 기타,승용,남,41세,상해없음,보행자,남,23세,경상
2019081200100081,2019년 8월 12일 06시,월요일,부산광역시 남구 문현동,중상사고,0,1,0,0,차대사람 - 차도통행중,안전운전불이행,포장 - 건조,맑음,교차로 - 교차로안,승용,여,57세,상해없음,보행자,여,62세,중상
2019081200100082,2019년 8월 12일 06시,월요일,부산광역시 연제구 연산동,경상사고,0,0,1,0,차대사람 - 기타,교차로운행방법위반,포장 - 건조,맑음,교차로 - 교차로안,승용,남,56세,상해없음,보행자,남,74세,경상
2019081200100184,2019년 8월 12일 09시,월요일,부산광역시 수영구 남천동,경상사고,0,0,1,0,차대사람 - 횡단중,안전운전불이행,포장 - 건조,맑음,단일로 - 기타,승용,여,58세,상해없음,보행자,여,59세,경상
2019081200100185,2019년 8월 12일 09시,월요일,부산광역시 영도구 영선동3가,중상사고,0,1,0,0,차대사람 - 횡단중,안전운전불이행,포장 - 건조,맑음,단일로 - 기타,이륜,남,56세,상해없음,보행자,여,79세,중상
2019081200100295,2019년 8월 12일 12시,월요일,부산광역시 동구 범일동,사망사고,1,2,0,0,차대사람 - 기타,안전운전불이행,포장 - 건조,맑음,단일로 - 기타,승용,여,54세,상해없음,보행자,남,56세,사망
2019081200100297,2019년 8월 12일 12시,월요일,부산광역시 부산진구 가야동,중상사고,0,1,0,0,차대사람 - 기타,안전운전불이행,포장 - 건조,맑음,단일로 - 기타,승합,남,29세,상해없음,보행자,여,61세,중상
2019081200100341,2019년 8월 12일 13시,월요일,부산광역시 사상구 엄궁동,부상신고사고,0,0,0,1,차대사람 - 기타,안전운전불이행,포장 - 건조,맑음,단일로 - 기타,승용,여,61세,상해없음,보행자,남,22세,부상신고
2019081200100430,2019년 8월 12일 15시,월요일,부산광역시 해운대구 좌동,중상사고,0,1,0,0,차대사람 - 횡단중,안전운전불이행,포장 - 기타,맑음,단일로 - 기타,승합,남,48세,상해없음,보행자,여,84세,중상
2019081200100433,2019년 8월 12일 15시,월요일,부산광역시 기장군 기장읍,경상사고,0,0,1,0,차대사람 - 기타,신호위반,포장 - 건조,맑음,교차로 - 교차로안,화물,남,60세,상해없음,보행자,여,59세,경상
2019081200100635,2019년 8월 12일 20시,월요일,부산광역시 북구 만덕동,중상사고,0,1,0,0,차대사람 - 기타,안전운전불이행,포장 - 건조,맑음,단일로 - 기타,승용,여,27세,상해없음,보행자,남,32세,중상
2019081200100636,2019년 8월 12일 20시,월요일,부산광역시 부산진구 개금동,경상사고,0,0,1,0,차대사람 - 횡단중,안전운전불이행,포장 - 건조,맑음,단일로 - 기타,승용,여,51세,상해없음,보행자,여,48세,경상
2019081200100712,2019년 8월 12일 23시,월요일,부산광역시 영도구 봉래동1가,중상사고,0,1,0,0,차대사람 - 길가장자리구역통행중,안전운전불이행,포장 - 건조,맑음,교차로 - 교차로안,승용,여,34세,상해없음,보행자,여,57세,중상
2019081300100087,2019년 8월 13일 07시,화요일,부산광역시 사하구 하단동,경상사고,0,0,1,0,차대사람 - 기타,안전운전불이행,포장 - 건조,맑음,단일로 - 지하차도(도로)내,승용,남,59세,상해없음,보행자,남,24세,경상