사고번호,사고일시,요일,시군구,사고내용,사망자수,중상자수,경상자수,부상신고자수,사고유형,법규위반,노면상태,기상상태,도로형태,가해운전자 차종,가해운전자 성별,가해운전자 연령,가해운전자 상해정도,피해운전자 차종,피해운전자 성별,피해운전자 연령,피해운전자 상해정도
2019090500100080,2019년 9월 5일 05시,목요일,부산광역시 부산진구 부전동,사망사고,1,0,0,0,차대사람 - 차도통행중,안전운전불이행,포장 - 건조,맑음,교차로 - 교차로안,승용,남,64세,상해없음,보행자,남,55세,사망
2019090500100345,2019년 9월 5일 14시,목요일,부산광역시 해운대구 중동,경상사고,0,0,1,0,차대사람 - 기타,신호위반,포장 - 건조,맑음,단일로 - 기타,승용,여,60세,상해없음,보행자,남,11세,경상
2019090500100346,2019년 9월 5일 14시,목요일,부산광역시 금정구 남산동,부상신고사고,0,0,0,1,차대사람 - 기타,안전운전불이행,포장 - 건조,맑음,기타 - 기타,승용,남,23세,상해없음,보행자,남,12세,부상신고
2019090500100347,2019년 9월 5일 14시,목요일,부산광역시 사하구 감천동,중상사고,0,1,0,0,차대사람 - 기타,기타,포장 - 건조,맑음,단일로 - 기타,승합,남,61세,상해없음,보행자,여,63세,중상
2019090500100349,2019년 9월 5일 14시,목요일,부산광역시 강서구 대저1동,경상사고,0,0,1,0,차대사람 - 보도통행중,안전운전불이행,포장 - 건조,맑음,단일로 - 기타,자전거,남,84세,상해없음,보행자,남,29세,경상
2019090500100383,2019년 9월 5일 15시,목요일,부산광역시 북구 구포동,경상사고,0,0,1,0,차대사람 - 기타,안전운전불이행,포장 - 건조,맑음,단일로 - 기타,승용,여,54세,상해없음,보행자,남,49세,경상
2019090500100384,2019년 9월 5일 15시,목요일,부산광역시 영도구 대교동1가,경상사고,0,0,1,0,차대사람 - 횡단중,안전운전불이행,포장 - 건조,맑음,교차로 - 교차로안,원동기,남,41세,상해없음,보행자,여,65세,경상
2019090500100385,2019년 9월 5일 15시,목요일,부산광역시 해운대구 중동,중상사고,0,1,0,0,차대사람 - 기타,안전운전불이행,포장 - 기타,맑음,단일로 - 기타,승용,남,72세,상해없음,보행자,여,59세,중상
2019090500100435,2019년 9월 5일 16시,목요일,부산광역시 동래구 온천동,경상사고,0,0,1,0,차대사람 - 길가장자리구역통행중,안전운전불이행,포장 - 건조,맑음,단일로 - 기타,이륜,남,62세,상해없음,보행자,남,41세,경상
2019090500100436,2019년 9월 5일 16시,목요일,부산광역시 금정구 부곡동,부상신고사고,0,0,0,1,차대사람 - 횡단중,안전운전불이행,포장 - 건조,맑음,교차로 - 교차로부근,승용,남,58세,상해없음,보행자,여,10세,부상신고
2019090500100437,2019년 9월 5일 16시,목요일,부산광역시 사하구 하단동,중상사고,0,1,0,0,차대사람 - 횡단중,안전운전불이행,포장 - 건조,맑음,단일로 - 기타,승용,남,61세,상해없음,보행자,여,75세,중상
2019090500100475,2019년 9월 5일 17시,목요일,부산광역시 금정구 부곡동,경상사고,0,0,1,0,차대사람 - 보도통행중,보행자보호의무위반,포장 - 건조,맑음,교차로 - 교차로안,승용,남,26세,상해없음,보행자,남,7세,경상
2019090500100570,2019년 9월 5일 19시,목요일,부산광역시 동래구 복천동,중상사고,0,1,0,0,차대사람 - 차도통행중,안전운전불이행,포장 - 건조,맑음,단일로 - 기타,승용,여,65세,상해없음,보행자,여,33세,중상
2019090500100571,2019년 9월 5일 19시,목요일,부산광역시 해운대구 좌동,중상사고,0,1,0,0,차대사람 - 기타,안전운전불이행,포장 - 기타,맑음,교차로 - 교차로부근,승용,남,38세,상해없음,보행자,남,65세,중상
2019090600100167,2019년 9월 6일 10시,금요일,부산광역시 남구 용호동,경상사고,0,0,1,0,차대사람 - 기타,안전운전불이행,포장 - 건조,맑음,단일로 - 기타,승용,남,73세,상해없음,보행자,남,56세,경상
2019090600100168,2019년 9월 6일 10시,금요일,부산광역시 강서구 신호동,중상사고,0,1,0,0,차대사람 - 횡단중,신호위반,포장 - 건조,맑음,교차로 - 교차로안,승합,남,56세,상해없음,보행자,남,68세,중상
2019090600100291,2019년 9월 6일 14시,금요일,부산광역시 금정구 장전동,경상사고,0,0,1,0,차대사람 - 기타,안전운전불이행,포장 - 건조,맑음,단일로 - 기타,화물,남,52세,기타불명,보행자,여,60세,경상
2019090600100331,2019년 9월 6일 15시,금요일,부산광역시 서구 동대신동1가,경상사고,0,0,1,0,차대사람 - 기타,안전운전불이행,포장 - 건조,맑음,단일로 - 기타,특수,남,44세,상해없음,보행자,여,41세,경상
2019090600100521,2019년 9월 6일 19시,금요일,부산광역시 수영구 망미동,중상사고,0,1,0,0,차대사람 - 기타,안전운전불이행,포장 - 건조,흐림,단일로 - 기타,승용,남,46세,상해없음,보행자,여,57세,중상
2019090600100592,2019년 9월 6일 20시,금요일,부산광역시 부산진구 가야동,중상사고,0,1,0,0,차대사람 - 횡단중,안전운전불이행,포장 - 건조,흐림,단일로 - 기타,승용,남,54세,상해없음,보행자,남,83세,중상
2019090600100629,2019년 9월 6일 21시,금요일,부산광역시 남구 대연동,경상사고,0,0,1,0,차대사람 - 기타,안전운전불이행,포장 - 젖음/습기,비,교차로 - 교차로안,승용,여,59세,상해없음,보행자,여,81세,경상
2019090600100670,2019년 9월 6일 22시,금요일,부산광역시 남구 대연동,부상신고사고,0,0,0,1,차대사람 - 기타,안전운전불이행,포장 - 건조,맑음,기타 - 기타,승용,남,27세,상해없음,보행자,여,19세,부상신고
2019090700100059,2019년 9월 7일 01시,토요일,부산광역시 부산진구 부전동,중상사고,0,1,0,0,차대사람 - 횡단중,안전운전불이행,포장 - 젖음/습기,비,교차로 - 교차로안,승용,남,53세,상해없음,보행자,여,36세,중상
2019090700100093,2019년 9월 7일 03시,토요일,부산광역시 수영구 남천동,경상사고,0,0,1,0,차대사람 - 횡단중,안전운전불이행,포장 - 젖음/습기,비,단일로 - 기타,승용,남,79세,상해없음,보행자,남,37세,경상
2019090700100361,2019년 9월 7일 17시,토요일,부산광역시 기장군 기장읍,중상사고,0,1,0,0,차대사람 - 차도통행중,교차로운행방법위반,포장 - 건조,맑음,교차로 - 교차로안,승용,여,46세,상해없음,보행자,남,8세,중상
2019090700100390,2019년 9월 7일 18시,토요일,부산광역시 연제구 연산동,경상사고,0,0,1,0,차대사람 - 길가장자리구역통행중,안전운전불이행,포장 - 건조,흐림,단일로 - 기타,이륜,남,62세,상해없음,보행자,여,70세,경상
2019090700100461,2019년 9월 7일 21시,토요일,부산광역시 연제구 연산동,경상사고,0,0,1,0,차대사람 - 기타,안전운전불이행,포장 - 건조,맑음,단일로 - 기타,승용,남,50세,상해없음,보행자,여,29세,경상
2019090800100175,2019년 9월 8일 12시,일요일,부산광역시 중구 부평동2가,경상사고,0,0,1,0,차대사람 - 횡단중,안전운전불이행,포장 - 건조,맑음,단일로 - 터널,승용,여,49세,상해없음,보행자,남,18세,경상
2019090800100177,2019년 9월 8일 12시,일요일,부산광역시 금정구 남산동,중상사고,0,1,0,0,차대사람 - 횡단중,보행자보호의무위반,포장 - 건조,맑음,교차로 - 교차로안,승용,남,28세,상해없음,보행자,여,77세,중상
2019090800100207,2019년 9월 8일 13시,일요일,부산광역시 동래구 명륜동,중상사고,0,1,0,0,차대사람 - 보도통행중,안전운전불이행,포장 - 젖음/습기,비,단일로 - 기타,승합,남,58세,상해없음,보행자,여,68세,중상
2019090800100303,2019년 9월 8일 16시,일요일,부산광역시 해운대구 우동,경상사고,0,0,1,0,차대사람 - 기타,안전운전불이행,포장 - 건조,맑음,교차로 - 교차로안,이륜,남,18세,상해없음,보행자,남,26세,경상
2019090800100405,2019년 9월 8일 19시,일요일,부산광역시 수영구 광안동,경상사고,0,0,1,0,차대사람 - 차도통행중,안전운전불이행,포장 - 건조,맑음,교차로 - 교차로안,승용,남,26세,상해없음,보행자,남,42세,경상
2019090800100478,2019년 9월 8일 21시,일요일,부산광역시 부산진구 부전동,경상사고,0,0,1,0,차대사람 - 기타,안전운전불이행,포장 - 건조,맑음,단일로 - 기타,승용,여,23세,상해없음,보행자,여,24세,경상
2019090900100061,2019년 9월 9일 05시,월요일,부산광역시 부산진구 범천동,중상사고,0,1,0,0,차대사람 - 기타,안전운전불이행,포장 - 건조,맑음,단일로 - 기타,화물,남,70세,상해없음,보행자,남,58세,중상
2019090900100258,2019년 9월 9일 11시,월요일,부산광역시 영도구 남항동1가,경상사고,0,0,1,0,차대사람 - 횡단중,안전운전불이행,포장 - 건조,맑음,교차로 - 교차로부근,승용,여,44세,상해없음,보행자,남,61세,경상
2019090900100260,2019년 9월 9일 11시,월요일,부산광역시 사하구 하단동,경상사고,0,0,1,0,차대사람 - 기타,보행자보호의무위반,포장 - 건조,맑음,단일로 - 기타,승용,남,72세,상해없음,보행자,여,74세,경상
2019090900100316,2019년 9월 9일 12시,월요일,부산광역시 사하구 당리동,중상사고,0,1,0,0,차대사람 - 횡단중,안전운전불이행,포장 - 건조,맑음,교차로 - 교차로부근,승용,남,67세,상해없음,보행자,여,87세,중상
2019090900100317,2019년 9월 9일 12시,월요일,부산광역시 연제구 연산동,경상사고,0,0,1,0,차대사람 - 횡단중,신호위반,포장 - 건조,맑음,단일로 - 기타,승용,남,72세,상해없음,보행자,여,49세,경상
2019090900100355,2019년 9월 9일 13시,월요일,부산광역시 남구 대연동,경상사고,0,0,1,0,차대사람 - 기타,보행자보호의무위반,포장 - 건조,맑음,교차로 - 교차로횡단보도내,승용,여,40세,상해없음,보행자,여,63세,경상
2019090900100356,2019년 9월 9일 13시,월요일,부산광역시 동래구 안락동,부상신고사고,0,0,0,1,차대사람 - 길가장자리구역통행중,안전운전불이행,포장 - 건조,맑음,단일로 - 기타,승용,여,46세,상해없음,보행자,남,18세,부상신고
2019090900100420,2019년 9월 9일 15시,월요일,부산광역시 남구 문현동,중상사고,0,1,0,0,차대사람 - 차도통행중,안전운전불이행,포장 - 건조,맑음,교차로 - 교차로안,승용,여,46세,상해없음,보행자,여,79세,중상
2019090900100471,2019년 9월 9일 16시,월요일,부산광역시 영도구 영선동1가,중상사고,0,1,0,0,차대사람 - 횡단중,안전운전불이행,포장 - 건조,맑음,단일로 - 기타,승용,남,53세,상해없음,보행자,여,66세,중상
2019090900100517,2019년 9월 9일 17시,월요일,부산광역시 부산진구 전포동,경상사고,0,0,1,0,차대사람 - 횡단중,안전운전불이행,포장 - 건조,맑음,교차로 - 교차로안,승용,남,67세,상해없음,보행자,남,13세,경상
2019090900100672,2019년 9월 9일 20시,월요일,부산광역시 북구 구포동,경상사고,0,0,1,0,차대사람 - 길가장자리구역통행중,안전운전불이행,포장 - 건조,맑음,단일로 - 기타,승용,남,48세,상해없음,보행자,남,50세,경상
2019090900100712,2019년 9월 9일 21시,월요일,부산광역시 금정구 금사동,중상사고,0,1,0,0,차대사람 - 횡단중,보행자보호의무위반,포장 - 건조,맑음,교차로 - 교차로횡단보도내,승용,남,64세,상해없음,보행자,남,68세,중상
2019091000100088,2019년 9월 10일 05시,화요일,부산광역시 중구 영주동,중상사고,0,1,0,0,차대사람 - 차도통행중,안전운전불이행,포장 - 건조,맑음,교차로 - 교차로부근,승용,남,37세,상해없음,보행자,남,70세,중상
2019091000100209,2019년 9월 10일 09시,화요일,부산광역시 동구 범일동,경상사고,0,0,1,0,차대사람 - 기타,안전운전불이행,포장 - 건조,맑음,단일로 - 기타,화물,남,47세,상해없음,보행자,여,51세,경상
2019091000100210,2019년 9월 10일 09시,화요일,부산광역시 서구 남부민동,중상사고,0,1,0,0,차대사람 - 차도통행중,신호위반,포장 - 건조,맑음,교차로 - 교차로안,승용,남,62세,상해없음,보행자,여,81세,중상
2019091000100261,2019년 9월 10일 10시,화요일,부산광역시 중구 보수동1가,중상사고,0,1,0,0,차대사람 - 길가장자리구역통행중,안전운전불이행,포장 - 건조,맑음,단일로 - 기타,이륜,남,42세,상해없음,보행자,남,38세,중상
2019091000100312,2019년 9월 10일 11시,화요일,부산광역시 동래구 사직동,경상사고,0,0,1,0,차대사람 - 길가장자리구역통행중,안전운전불이행,포장 - 건조,맑음,단일로 - 기타,승용,남,52세,상해없음,보행자,여,79세,경상
2019091000100314,2019년 9월 10일 11시,화요일,부산광역시 사하구 괴정동,경상사고,0,0,1,0,차대사람 - 횡단중,보행자보호의무위반,포장 - 건조,맑음,교차로 - 교차로횡단보도내,승용,남,34세,상해없음,보행자,여,56세,경상
2019091000100469,2019년 9월 10일 15시,화요일,부산광역시 연제구 거제동,경상사고,0,0,1,0,차대사람 - 기타,안전운전불이행,포장 - 건조,맑음,단일로 - 기타,승용,남,56세,상해없음,보행자,남,68세,경상
2019091000100512,2019년 9월 10일 16시,화요일,부산광역시 수영구 광안동,경상사고,0,0,1,0,차대사람 - 길가장자리구역통행중,안전운전불이행,포장 - 건조,맑음,단일로 - 기타,승용,남,60세,상해없음,보행자,남,32세,경상
2019091000100549,2019년 9월 10일 17시,화요일,부산광역시 영도구 봉래동5가,중상사고,0,1,0,0,차대사람 - 기타,안전운전불이행,포장 - 건조,맑음,단일로 - 기타,승용,남,58세,상해없음,보행자,남,60세,중상
2019091000100551,2019년 9월 10일 17시,화요일,부산광역시 사상구 학장동,중상사고,0,1,0,0,차대사람 - 횡단중,보행자보호의무위반,포장 - 건조,맑음,교차로 - 교차로횡단보도내,승용,남,68세,상해없음,보행자,남,75세,중상
2019091000100647,2019년 9월 10일 19시,화요일,부산광역시 부산진구 전포동,경상사고,0,0,2,0,차대사람 - 보도통행중,안전운전불이행,포장 - 건조,맑음,단일로 - 기타,기타불명,기타불명,미분류,기타불명,보행자,남,69세,경상
2019091000100649,2019년 9월 10일 19시,화요일,부산광역시 사상구 주례동,중상사고,0,1,1,1,차대사람 - 횡단중,안전운전불이행,포장 - 건조,맑음,기타 - 기타,이륜,남,18세,경상,보행자,남,12세,중상
2019091000100703,2019년 9월 10일 20시,화요일,부산광역시 사상구 주례동,경상사고,0,0,1,0,차대사람 - 횡단중,안전운전불이행,포장 - 건조,맑음,단일로 - 기타,승용,여,47세,상해없음,보행자,남,23세,경상
2019091000100752,2019년 9월 10일 21시,화요일,부산광역시 연제구 연산동,부상신고사고,0,0,0,1,차대사람 - 기타,안전운전불이행,포장 - 건조,맑음,단일로 - 기타,원동기,남,23세,상해없음,보행자,남,59세,부상신고
2019091100100073,2019년 9월 11일 02시,수요일,부산광역시 동래구 온천동,중상사고,0,1,0,0,차대사람 - 횡단중,안전운전불이행,포장 - 건조,맑음,교차로 - 교차로횡단보도내,승용,남,65세,상해없음,보행자,남,34세,중상
2019091100100074,2019년 9월 11일 02시,수요일,부산광역시 동래구 온천동,경상사고,0,0,1,0,차대사람 - 차도통행중,안전운전불이행,포장 - 건조,맑음,단일로 - 기타,자전거,남,43세,상해없음,보행자,여,25세,경상
2019091100100103,2019년 9월 11일 05시,수요일,부산광역시 동래구 안락동,중상사고,0,1,0,0,차대사람 - 횡단중,안전운전불이행,포장 - 젖음/습기,비,교차로 - 교차로안,승용,남,56세,상해없음,보행자,남,64세,중상
2019091100100104,2019년 9월 11일 05시,수요일,부산광역시 연제구 거제동,부상신고사고,0,0,0,1,차대사람 - 횡단중,신호위반,포장 - 젖음/습기,비,단일로 - 기타,기타불명,기타불명,미분류,기타불명,보행자,남,30세,부상신고
2019091100100118,2019년 9월 11일 06시,수요일,부산광역시 연제구 연산동,중상사고,0,1,0,0,차대사람 - 횡단중,안전운전불이행,포장 - 건조,맑음,단일로 - 기타,화물,여,61세,상해없음,보행자,여,42세,중상
2019091100100165,2019년 9월 11일 08시,수요일,부산광역시 해운대구 우동,중상사고,0,1,0,0,차대사람 - 횡단중,안전운전불이행,포장 - 건조,맑음,교차로 - 교차로안,승합,남,49세,상해없음,보행자,여,62세,중상
2019091100100205,2019년 9월 11일 09시,수요일,부산광역시 동래구 안락동,경상사고,0,0,1,0,차대사람 - 횡단중,신호위반,포장 - 건조,맑음,단일로 - 기타,승용,남,46세,상해없음,보행자,여,39세,경상
2019091100100279,2019년 9월 11일 11시,수요일,부산광역시 남구 용호동,중상사고,0,1,0,0,차대사람 - 기타,안전운전불이행,포장 - 건조,맑음,교차로 - 교차로안,승용,남,60세,상해없음,보행자,남,73세,중상
2019091100100281,2019년 9월 11일 11시,수요일,부산광역시 금정구 부곡동,중상사고,0,1,0,0,차대사람 - 차도통행중,안전운전불이행,포장 - 건조,맑음,단일로 - 기타,원동기,남,49세,상해없음,보행자,여,37세,중상
2019091100100370,2019년 9월 11일 13시,수요일,부산광역시 동래구 명륜동,중상사고,0,1,0,0,차대사람 - 기타,안전운전불이행,포장 - 건조,맑음,교차로 - 교차로안,승용,여,53세,상해없음,보행자,남,63세,중상
2019091100100410,2019년 9월 11일 14시,수요일,부산광역시 연제구 거제동,경상사고,0,0,1,0,차대사람 - 차도통행중,보행자보호의무위반,포장 - 건조,맑음,교차로 - 교차로횡단보도내,승용,여,58세,상해없음,보행자,여,76세,경상
2019091100100523,2019년 9월 11일 16시,수요일,부산광역시 사상구 주례동,경상사고,0,0,1,0,차대사람 - 기타,안전운전불이행,포장 - 건조,맑음,교차로 - 교차로부근,화물,남,47세,상해없음,보행자,남,7세,경상
2019091100100581,2019년 9월 11일 17시,수요일,부산광역시 북구 구포동,중상사고,0,1,0,0,차대사람 - 횡단중,안전운전불이행,포장 - 건조,맑음,단일로 - 기타,화물,남,44세,상해없음,보행자,남,8세,중상
2019091100100754,2019년 9월 11일 20시,수요일,부산광역시 부산진구 가야동,중상사고,0,1,0,0,차대사람 - 차도통행중,안전운전불이행,포장 - 건조,맑음,단일로 - 기타,승용,남,58세,상해없음,보행자,여,57세,중상
2019091200100036,2019년 9월 12일 01시,목요일,부산광역시 중구 창선동2가,경상사고,0,0,1,0,차대사람 - 차도통행중,안전운전불이행,포장 - 젖음/습기,비,교차로 - 교차로안,승용,여,26세,상해없음,보행자,남,25세,경상
2019091200100070,2019년 9월 12일 04시,목요일,부산광역시 부산진구 당감동,사망사고,1,0,0,0,차대사람 - 차도통행중,안전운전불이행,포장 - 젖음/습기,비,단일로 - 기타,승용,남,69세,상해없음,보행자,남,42세,사망
2019091200100082,2019년 9월 12일 05시,목요일,부산광역시 부산진구 부전동,중상사고,0,1,0,0,차대사람 - 횡단중,안전운전불이행,포장 - 젖음/습기,비,단일로 - 기타,화물,남,59세,상해없음,보행자,남,27세,중상
2019091200100083,2019년 9월 12일 05시,목요일,부산광역시 부산진구 전포동,중상사고,0,1,0,0,차대사람 - 기타,신호위반,포장 - 젖음/습기,비,교차로 - 교차로횡단보도내,승용,남,37세,상해없음,보행자,남,44세,중상
2019091200100098,2019년 9월 12일 06시,목요일,부산광역시 부산진구 부전동,중상사고,0,1,0,0,차대사람 - 횡단중,신호위반,포장 - 젖음/습기,비,교차로 - 교차로횡단보도내,화물,남,66세,상해없음,보행자,여,68세,중상
2019091200100099,2019년 9월 12일 06시,목요일,부산광역시 부산진구 부전동,중상사고,0,1,0,0,차대사람 - 기타,안전운전불이행,포장 - 젖음/습기,비,단일로 - 기타,승용,남,65세,상해없음,보행자,남,24세,중상
2019091200100340,2019년 9월 12일 16시,목요일,부산광역시 부산진구 가야동,중상사고,0,1,0,0,차대사람 - 횡단중,안전운전불이행,포장 - 건조,맑음,단일로 - 기타,원동기,남,40세,상해없음,보행자,여,62세,중상
2019091200100363,2019년 9월 12일 17시,목요일,부산광역시 남구 용호동,중상사고,0,1,0,0,차대사람 - 차도통행중,안전운전불이행,포장 - 건조,맑음,교차로 - 교차로안,승용,남,30세,상해없음,보행자,여,70세,중상
2019091200100458,2019년 9월 12일 20시,목요일,부산광역시 강서구 지사동,경상사고,0,0,1,0,차대사람 - 횡단중,보행자보호의무위반,포장 - 건조,맑음,단일로 - 기타,승용,남,33세,상해없음,보행자,남,63세,경상
2019091200100529,2019년 9월 12일 23시,목요일,부산광역시 동래구 명륜동,경상사고,0,0,1,0,차대사람 - 기타,안전운전불이행,포장 - 건조,맑음,교차로 - 교차로안,승용,남,67세,상해없음,보행자,여,22세,경상
2019091300100270,2019년 9월 13일 15시,금요일,부산광역시 부산진구 개금동,경상사고,0,0,1,0,차대사람 - 차도통행중,안전운전불이행,포장 - 건조,맑음,단일로 - 기타,승용,남,34세,상해없음,보행자,여,63세,경상
2019091300100302,2019년 9월 13일 16시,금요일,부산광역시 해운대구 중동,중상사고,0,1,0,0,차대사람 - 횡단중,보행자보호의무위반,포장 - 건조,맑음,단일로 - 기타,승합,남,57세,상해없음,보행자,여,20세,중상
2019091400100015,2019년 9월 14일 00시,토요일,부산광역시 서구 충무동3가,중상사고,0,1,0,0,차대사람 - 길가장자리구역통행중,안전운전불이행,포장 - 건조,맑음,단일로 - 기타,승용,남,33세,상해없음,보행자,남,60세,중상
2019091400100069,2019년 9월 14일 06시,토요일,부산광역시 연제구 연산동,중상사고,0,1,0,0,차대사람 - 횡단중,안전운전불이행,포장 - 건조,맑음,단일로 - 기타,승용,남,63세,상해없음,보행자,여,70세,중상
2019091400100251,2019년 9월 14일 16시,토요일,부산광역시 동구 범일동,경상사고,0,0,1,0,차대사람 - 기타,기타,포장 - 건조,맑음,교차로 - 교차로부근,승용,남,51세,상해없음,보행자,남,59세,경상
2019091400100303,2019년 9월 14일 18시,토요일,부산광역시 부산진구 부전동,경상사고,0,0,1,0,차대사람 - 차도통행중,안전운전불이행,포장 - 건조,맑음,교차로 - 교차로안,승용,남,57세,상해없음,보행자,여,32세,경상
2019091400100335,2019년 9월 14일 19시,토요일,부산광역시 남구 대연동,경상사고,0,0,1,0,차대사람 - 횡단중,보행자보호의무위반,포장 - 건조,맑음,단일로 - 기타,승용,여,55세,상해없음,보행자,여,74세,경상
2019091400100337,2019년 9월 14일 19시,토요일,부산광역시 금정구 부곡동,중상사고,0,1,0,0,차대사람 - 기타,안전운전불이행,포장 - 건조,맑음,교차로 - 교차로안,승용,여,42세,상해없음,보행자,남,46세,중상
2019091400100338,2019년 9월 14일 19시,토요일,부산광역시 사하구 장림동,경상사고,0,0,1,0,차대사람 - 횡단중,신호위반,포장 - 건조,맑음,단일로 - 기타,이륜,남,17세,상해없음,보행자,여,8세,경상
2019091400100339,2019년 9월 14일 19시,토요일,부산광역시 사상구 덕포동,중상사고,0,1,0,1,차대사람 - 기타,기타,포장 - 건조,맑음,단일로 - 기타,자전거,남,23세,부상신고,보행자,남,22세,중상
2019091400100358,2019년 9월 14일 20시,토요일,부산광역시 연제구 연산동,중상사고,0,1,1,0,차대사람 - 횡단중,보행자보호의무위반,포장 - 건조,맑음,단일로 - 기타,이륜,남,24세,경상,보행자,남,58세,중상
2019091500100086,2019년 9월 15일 07시,일요일,부산광역시 부산진구 부전동,경상사고,0,0,1,0,차대사람 - 기타,안전운전불이행,포장 - 건조,맑음,교차로 - 교차로부근,승용,남,37세,상해없음,보행자,남,34세,경상
2019091500100307,2019년 9월 15일 17시,일요일,부산광역시 금정구 장전동,부상신고사고,0,0,0,1,차대사람 - 기타,안전운전불이행,포장 - 건조,맑음,기타 - 기타,기타불명,기타불명,미분류,기타불명,보행자,여,21세,부상신고
2019091600100080,2019년 9월 16일 06시,월요일,부산광역시 남구 문현동,사망사고,1,0,0,0,차대사람 - 횡단중,안전운전불이행,포장 - 건조,맑음,단일로 - 기타,화물,남,43세,상해없음,보행자,남,80세,사망
2019091600100181,2019년 9월 16일 09시,월요일,부산광역시 사상구 모라동,중상사고,0,2,0,0,차대사람 - 보도통행중,보행자보호의무위반,포장 - 건조,맑음,단일로 - 기타,승용,여,62세,기타불명,보행자,여,67세,중상
2019091600100269,2019년 9월 16일 12시,월요일,부산광역시 북구 구포동,중상사고,0,1,0,0,차대사람 - 기타,안전운전불이행,포장 - 건조,맑음,단일로 - 기타,기타불명,남,59세,상해없음,보행자,여,72세,중상
2019091600100271,2019년 9월 16일 12시,월요일,부산광역시 사상구 주례동,경상사고,0,0,1,0,차대사람 - 횡단중,신호위반,포장 - 건조,맑음,교차로 - 교차로안,이륜,남,19세,상해없음,보행자,남,25세,경상
2019091600100310,2019년 9월 16일 13시,월요일,부산광역시 동래구 온천동,경상사고,0,0,1,0,차대사람 - 횡단중,보행자보호의무위반,포장 - 건조,맑음,단일로 - 기타,승용,남,51세,상해없음,보행자,남,40세,경상
2019091600100311,2019년 9월 16일 13시,월요일,부산광역시 영도구 동삼동,중상사고,0,1,0,0,차대사람 - 길가장자리구역통행중,안전운전불이행,포장 - 건조,맑음,단일로 - 기타,승용,여,54세,상해없음,보행자,여,81세,중상
2019091600100313,2019년 9월 16일 13시,월요일,부산광역시 부산진구 부전동,경상사고,0,0,1,0,차대사람 - 기타,안전운전불이행,포장 - 건조,맑음,단일로 - 기타,승용,여,47세,상해없음,보행자,여,22세,경상
2019091600100348,2019년 9월 16일 14시,월요일,부산광역시 부산진구 양정동,경상사고,0,0,1,0,차대사람 - 기타,보행자보호의무위반,포장 - 건조,맑음,단일로 - 기타,승합,남,72세,상해없음,보행자,남,39세,경상
2019091600100469,2019년 9월 16일 17시,월요일,부산광역시 부산진구 당감동,중상사고,0,1,0,0,차대사람 - 횡단중,신호위반,포장 - 건조,맑음,교차로 - 교차로횡단보도내,자전거,남,9세,상해없음,보행자,여,82세,중상
2019091600100519,2019년 9월 16일 18시,월요일,부산광역시 수영구 남천동,중상사고,0,1,0,0,차대사람 - 횡단중,보행자보호의무위반,포장 - 건조,맑음,교차로 - 교차로횡단보도내,승합,남,63세,상해없음,보행자,남,48세,중상
2019091600100520,2019년 9월 16일 18시,월요일,부산광역시 사하구 감천동,중상사고,0,1,0,0,차대사람 - 횡단중,신호위반,포장 - 건조,맑음,교차로 - 교차로횡단보도내,이륜,남,18세,상해없음,보행자,여,7세,중상
2019091600100521,2019년 9월 16일 18시,월요일,부산광역시 사상구 주례동,중상사고,0,1,0,0,차대사람 - 횡단중,보행자보호의무위반,포장 - 건조,맑음,교차로 - 교차로횡단보도내,승용,남,55세,상해없음,보행자,여,8세,중상
2019091600100565,2019년 9월 16일 19시,월요일,부산광역시 해운대구 송정동,중상사고,0,1,0,0,차대사람 - 기타,안전운전불이행,포장 - 건조,맑음,단일로 - 기타,승용,여,46세,상해없음,보행자,남,57세,중상
2019091600100566,2019년 9월 16일 19시,월요일,부산광역시 해운대구 좌동,중상사고,0,1,0,0,차대사람 - 차도통행중,직진우회전진행방해,포장 - 건조,맑음,교차로 - 교차로안,승용,남,47세,상해없음,보행자,여,72세,중상
2019091600100567,2019년 9월 16일 19시,월요일,부산광역시 금정구 남산동,중상사고,0,1,0,0,차대사람 - 기타,보행자보호의무위반,포장 - 건조,맑음,교차로 - 교차로부근,승용,남,48세,상해없음,보행자,여,59세,중상
2019091700100227,2019년 9월 17일 10시,화요일,부산광역시 동래구 온천동,중상사고,0,1,0,0,차대사람 - 기타,안전운전불이행,포장 - 건조,맑음,교차로 - 교차로부근,승합,여,59세,상해없음,보행자,남,73세,중상
2019091700100228,2019년 9월 17일 10시,화요일,부산광역시 해운대구 반여동,중상사고,0,1,0,0,차대사람 - 횡단중,안전운전불이행,포장 - 건조,맑음,단일로 - 기타,화물,남,35세,상해없음,보행자,여,67세,중상
2019091700100330,2019년 9월 17일 13시,화요일,부산광역시 북구 덕천동,사망사고,1,0,0,0,차대사람 - 기타,안전운전불이행,포장 - 건조,맑음,교차로 - 교차로안,승용,남,71세,상해없음,보행자,남,59세,사망
2019091700100331,2019년 9월 17일 13시,화요일,부산광역시 해운대구 중동,부상신고사고,0,0,0,1,차대사람 - 기타,안전운전불이행,포장 - 기타,맑음,단일로 - 기타,승용,여,34세,상해없음,보행자,남,62세,부상신고
2019091700100395,2019년 9월 17일 15시,화요일,부산광역시 서구 아미동2가,경상사고,0,0,1,0,차대사람 - 횡단중,보행자보호의무위반,포장 - 건조,맑음,단일로 - 기타,승용,남,60세,상해없음,보행자,남,15세,경상