사고번호,사고일시,요일,시군구,사고내용,사망자수,중상자수,경상자수,부상신고자수,사고유형,법규위반,노면상태,기상상태,도로형태,가해운전자 차종,가해운전자 성별,가해운전자 연령,가해운전자 상해정도,피해운전자 차종,피해운전자 성별,피해운전자 연령,피해운전자 상해정도
2019101000100443,2019년 10월 10일 16시,목요일,부산광역시 부산진구 가야동,중상사고,0,1,0,0,차대사람 - 보도통행중,기타,포장 - 건조,맑음,단일로 - 기타,화물,남,28세,상해없음,보행자,남,78세,중상
2019101000100485,2019년 10월 10일 17시,목요일,부산광역시 북구 덕천동,경상사고,0,0,1,0,차대사람 - 기타,안전운전불이행,포장 - 건조,맑음,단일로 - 기타,화물,남,55세,상해없음,보행자,여,83세,경상
2019101000100524,2019년 10월 10일 18시,목요일,부산광역시 수영구 망미동,중상사고,0,1,0,0,차대사람 - 횡단중,안전운전불이행,포장 - 건조,맑음,교차로 - 교차로부근,승용,남,55세,상해없음,보행자,남,33세,중상
2019101000100701,2019년 10월 10일 22시,목요일,부산광역시 남구 대연동,중상사고,0,1,0,0,차대사람 - 길가장자리구역통행중,안전운전불이행,포장 - 건조,맑음,교차로 - 교차로부근,승용,남,29세,상해없음,보행자,여,17세,중상
2019101100100227,2019년 10월 11일 10시,금요일,부산광역시 사하구 다대동,경상사고,0,0,2,0,차대사람 - 기타,안전운전불이행,포장 - 건조,맑음,교차로 - 교차로안,이륜,남,30세,경상,보행자,여,55세,경상
2019101100100228,2019년 10월 11일 10시,금요일,부산광역시 기장군 일광면,중상사고,0,2,0,0,차대사람 - 기타,기타,포장 - 건조,맑음,기타 - 기타,승용,남,76세,상해없음,보행자,남,19세,중상
2019101100100295,2019년 10월 11일 12시,금요일,부산광역시 동구 초량동,경상사고,0,0,1,0,차대사람 - 기타,안전운전불이행,포장 - 건조,맑음,단일로 - 기타,승용,남,75세,상해없음,보행자,남,25세,경상
2019101100100330,2019년 10월 11일 13시,금요일,부산광역시 남구 대연동,사망사고,1,0,0,0,차대사람 - 기타,안전운전불이행,포장 - 건조,맑음,교차로 - 교차로안,승용,남,79세,상해없음,보행자,여,75세,사망
2019101100100360,2019년 10월 11일 14시,금요일,부산광역시 강서구 명지동,경상사고,0,0,1,0,차대사람 - 횡단중,보행자보호의무위반,포장 - 건조,맑음,단일로 - 기타,승용,남,27세,상해없음,보행자,여,10세,경상
2019101100100438,2019년 10월 11일 16시,금요일,부산광역시 부산진구 당감동,경상사고,0,0,1,0,차대사람 - 횡단중,안전운전불이행,포장 - 건조,맑음,단일로 - 기타,승용,여,63세,상해없음,보행자,여,9세,경상
2019101100100439,2019년 10월 11일 16시,금요일,부산광역시 부산진구 부전동,경상사고,0,0,1,0,차대사람 - 횡단중,안전운전불이행,포장 - 건조,맑음,단일로 - 기타,화물,남,44세,상해없음,보행자,여,22세,경상
2019101100100441,2019년 10월 11일 16시,금요일,부산광역시 사상구 모라동,경상사고,0,0,1,0,차대사람 - 기타,안전운전불이행,포장 - 건조,맑음,교차로 - 교차로부근,승용,여,51세,상해없음,보행자,남,64세,경상
2019101100100502,2019년 10월 11일 17시,금요일,부산광역시 부산진구 전포동,경상사고,0,0,1,0,차대사람 - 기타,안전운전불이행,포장 - 건조,맑음,기타 - 기타,승용,남,25세,상해없음,보행자,남,15세,경상
2019101100100503,2019년 10월 11일 17시,금요일,부산광역시 사하구 괴정동,경상사고,0,0,1,0,차대사람 - 기타,안전운전불이행,포장 - 건조,맑음,단일로 - 기타,승용,여,39세,상해없음,보행자,남,77세,경상
2019101100100558,2019년 10월 11일 18시,금요일,부산광역시 연제구 연산동,경상사고,0,0,1,0,차대사람 - 기타,안전운전불이행,포장 - 건조,맑음,교차로 - 교차로부근,승용,남,60세,상해없음,보행자,여,67세,경상
2019101100100786,2019년 10월 11일 23시,금요일,부산광역시 영도구 대교동2가,경상사고,0,0,1,0,차대사람 - 길가장자리구역통행중,안전운전불이행,포장 - 건조,맑음,단일로 - 기타,승용,남,58세,상해없음,보행자,남,53세,경상
2019101200100138,2019년 10월 12일 08시,토요일,부산광역시 부산진구 부전동,경상사고,0,0,1,0,차대사람 - 기타,안전운전불이행,포장 - 건조,맑음,단일로 - 기타,승합,남,44세,상해없음,보행자,남,73세,경상
2019101200100166,2019년 10월 12일 09시,토요일,부산광역시 북구 구포동,경상사고,0,0,1,0,차대사람 - 기타,기타,포장 - 건조,맑음,단일로 - 기타,승합,남,48세,상해없음,보행자,여,69세,경상
2019101200100340,2019년 10월 12일 13시,토요일,부산광역시 남구 문현동,경상사고,0,0,1,0,차대사람 - 기타,안전운전불이행,포장 - 건조,맑음,단일로 - 기타,승용,남,51세,상해없음,보행자,여,29세,경상
2019101200100447,2019년 10월 12일 15시,토요일,부산광역시 해운대구 재송동,중상사고,0,1,0,0,차대사람 - 차도통행중,안전운전불이행,포장 - 건조,맑음,단일로 - 기타,승용,남,57세,상해없음,보행자,여,60세,중상
2019101200100449,2019년 10월 12일 15시,토요일,부산광역시 수영구 망미동,경상사고,0,0,1,0,차대사람 - 기타,안전운전불이행,포장 - 건조,맑음,교차로 - 교차로안,화물,여,63세,상해없음,보행자,여,66세,경상
2019101200100496,2019년 10월 12일 16시,토요일,부산광역시 동구 수정동,중상사고,0,1,0,0,차대사람 - 보도통행중,보행자보호의무위반,포장 - 건조,맑음,교차로 - 교차로횡단보도내,승용,남,74세,상해없음,보행자,여,72세,중상
2019101200100680,2019년 10월 12일 20시,토요일,부산광역시 부산진구 개금동,경상사고,0,0,1,0,차대사람 - 횡단중,신호위반,포장 - 건조,맑음,교차로 - 교차로횡단보도내,이륜,남,22세,상해없음,보행자,여,63세,경상
2019101200100765,2019년 10월 12일 23시,토요일,부산광역시 해운대구 재송동,경상사고,0,0,1,1,차대사람 - 횡단중,신호위반,포장 - 건조,맑음,교차로 - 교차로횡단보도내,승용,여,45세,상해없음,보행자,남,42세,경상
2019101200100766,2019년 10월 12일 23시,토요일,부산광역시 사하구 다대동,경상사고,0,0,2,0,차대사람 - 횡단중,보행자보호의무위반,포장 - 건조,맑음,교차로 - 교차로안,승용,여,58세,상해없음,보행자,남,56세,경상
2019101300100457,2019년 10월 13일 20시,일요일,부산광역시 연제구 연산동,부상신고사고,0,0,0,1,차대사람 - 횡단중,안전운전불이행,포장 - 건조,맑음,단일로 - 기타,승용,남,66세,상해없음,보행자,여,6세,부상신고
2019101400100053,2019년 10월 14일 05시,월요일,부산광역시 부산진구 범천동,경상사고,0,0,1,0,차대사람 - 횡단중,보행자보호의무위반,포장 - 건조,맑음,교차로 - 교차로부근,승용,남,68세,상해없음,보행자,여,70세,경상
2019101400100068,2019년 10월 14일 06시,월요일,부산광역시 사하구 하단동,경상사고,0,0,1,0,차대사람 - 기타,안전운전불이행,포장 - 건조,맑음,주차장 - 주차장,승용,남,57세,상해없음,보행자,남,30세,경상
2019101400100287,2019년 10월 14일 12시,월요일,부산광역시 해운대구 반송동,경상사고,0,0,1,0,차대사람 - 기타,신호위반,포장 - 건조,맑음,단일로 - 기타,승용,남,25세,상해없음,보행자,남,72세,경상
2019101400100288,2019년 10월 14일 12시,월요일,부산광역시 해운대구 우동,중상사고,0,1,0,0,차대사람 - 기타,신호위반,포장 - 건조,맑음,교차로 - 교차로횡단보도내,승용,남,67세,상해없음,보행자,남,27세,중상
2019101400100361,2019년 10월 14일 14시,월요일,부산광역시 해운대구 재송동,중상사고,0,1,0,0,차대사람 - 기타,과속,포장 - 건조,맑음,교차로 - 교차로안,이륜,남,18세,상해없음,보행자,여,15세,중상
2019101400100445,2019년 10월 14일 16시,월요일,부산광역시 영도구 대교동1가,중상사고,0,1,0,0,차대사람 - 횡단중,신호위반,포장 - 건조,맑음,단일로 - 기타,이륜,남,50세,상해없음,보행자,여,62세,중상
2019101400100446,2019년 10월 14일 16시,월요일,부산광역시 부산진구 양정동,경상사고,0,0,1,0,차대사람 - 차도통행중,안전운전불이행,포장 - 건조,맑음,단일로 - 기타,승용,여,50세,기타불명,보행자,여,81세,경상
2019101400100550,2019년 10월 14일 18시,월요일,부산광역시 동래구 안락동,중상사고,0,1,0,0,차대사람 - 횡단중,보행자보호의무위반,포장 - 건조,맑음,교차로 - 교차로횡단보도내,이륜,남,20세,상해없음,보행자,여,61세,중상
2019101400100671,2019년 10월 14일 20시,월요일,부산광역시 서구 충무동1가,경상사고,0,0,1,0,차대사람 - 횡단중,보행자보호의무위반,포장 - 건조,맑음,교차로 - 교차로횡단보도내,화물,남,67세,상해없음,보행자,여,72세,경상
2019101400100708,2019년 10월 14일 21시,월요일,부산광역시 수영구 수영동,경상사고,0,0,1,0,차대사람 - 기타,안전운전불이행,포장 - 건조,맑음,단일로 - 교량,자전거,남,11세,상해없음,보행자,여,53세,경상
2019101400100709,2019년 10월 14일 21시,월요일,부산광역시 기장군 기장읍,중상사고,0,1,0,0,차대사람 - 횡단중,안전운전불이행,포장 - 건조,맑음,교차로 - 교차로부근,승용,남,63세,상해없음,보행자,남,65세,중상
2019101500100026,2019년 10월 15일 00시,화요일,부산광역시 사하구 하단동,중상사고,0,1,0,0,차대사람 - 횡단중,안전운전불이행,포장 - 건조,맑음,단일로 - 기타,승용,남,64세,상해없음,보행자,남,61세,중상
2019101500100066,2019년 10월 15일 05시,화요일,부산광역시 사상구 덕포동,중상사고,0,1,0,0,차대사람 - 기타,신호위반,포장 - 건조,맑음,교차로 - 교차로안,이륜,남,25세,상해없음,보행자,남,62세,중상
2019101500100078,2019년 10월 15일 06시,화요일,부산광역시 동구 좌천동,중상사고,0,1,0,0,차대사람 - 기타,안전운전불이행,포장 - 건조,맑음,단일로 - 기타,승용,여,63세,상해없음,보행자,여,78세,중상
2019101500100466,2019년 10월 15일 16시,화요일,부산광역시 사하구 장림동,경상사고,0,0,1,0,차대사람 - 기타,안전운전불이행,포장 - 건조,맑음,단일로 - 기타,승용,여,60세,상해없음,보행자,남,24세,경상
2019101500100510,2019년 10월 15일 17시,화요일,부산광역시 서구 초장동,중상사고,0,1,0,0,차대사람 - 기타,안전운전불이행,포장 - 건조,맑음,단일로 - 기타,승용,남,63세,상해없음,보행자,남,39세,중상
2019101500100511,2019년 10월 15일 17시,화요일,부산광역시 북구 구포동,경상사고,0,0,1,0,차대사람 - 횡단중,안전운전불이행,포장 - 건조,맑음,단일로 - 기타,이륜,남,45세,상해없음,보행자,남,54세,경상
2019101500100568,2019년 10월 15일 18시,화요일,부산광역시 금정구 구서동,중상사고,0,1,0,0,차대사람 - 횡단중,안전운전불이행,포장 - 건조,맑음,기타 - 기타,승용,여,42세,상해없음,보행자,여,18세,중상
2019101500100569,2019년 10월 15일 18시,화요일,부산광역시 금정구 서동,경상사고,0,0,1,0,차대사람 - 보도통행중,보행자보호의무위반,포장 - 건조,맑음,교차로 - 교차로안,승용,남,52세,상해없음,보행자,여,70세,경상
2019101500100669,2019년 10월 15일 20시,화요일,부산광역시 부산진구 양정동,중상사고,0,1,0,0,차대사람 - 기타,보행자보호의무위반,포장 - 건조,맑음,교차로 - 교차로안,기타불명,기타불명,미분류,기타불명,보행자,여,64세,중상
2019101500100705,2019년 10월 15일 21시,화요일,부산광역시 부산진구 전포동,경상사고,0,0,1,0,차대사람 - 횡단중,보행자보호의무위반,포장 - 건조,맑음,교차로 - 교차로횡단보도내,자전거,남,42세,상해없음,보행자,여,32세,경상
2019101600100072,2019년 10월 16일 05시,수요일,부산광역시 금정구 서동,경상사고,0,0,1,0,차대사람 - 기타,안전운전불이행,포장 - 건조,맑음,단일로 - 기타,승용,남,60세,상해없음,보행자,남,34세,경상
2019101600100140,2019년 10월 16일 08시,수요일,부산광역시 금정구 장전동,중상사고,0,1,0,0,차대사람 - 횡단중,보행자보호의무위반,포장 - 건조,맑음,단일로 - 기타,승용,남,48세,상해없음,보행자,남,26세,중상
2019101600100188,2019년 10월 16일 09시,수요일,부산광역시 북구 금곡동,중상사고,0,1,0,0,차대사람 - 횡단중,안전운전불이행,포장 - 건조,맑음,단일로 - 지하차도(도로)내,승합,남,45세,상해없음,보행자,여,68세,중상
2019101600100189,2019년 10월 16일 09시,수요일,부산광역시 동래구 수안동,경상사고,0,0,1,0,차대사람 - 기타,안전운전불이행,포장 - 건조,맑음,단일로 - 기타,승용,여,45세,상해없음,보행자,남,39세,경상
2019101600100192,2019년 10월 16일 09시,수요일,부산광역시 사상구 모라동,경상사고,0,0,1,0,차대사람 - 기타,안전운전불이행,포장 - 건조,맑음,단일로 - 기타,승합,여,55세,상해없음,보행자,남,33세,경상
2019101600100230,2019년 10월 16일 10시,수요일,부산광역시 동구 초량동,중상사고,0,1,0,0,차대사람 - 기타,기타,포장 - 건조,맑음,기타 - 기타,승용,남,25세,상해없음,보행자,여,53세,중상
2019101600100232,2019년 10월 16일 10시,수요일,부산광역시 해운대구 우동,중상사고,0,1,0,0,차대사람 - 길가장자리구역통행중,안전운전불이행,포장 - 건조,맑음,단일로 - 기타,기타불명,기타불명,미분류,기타불명,보행자,남,64세,중상
2019101600100233,2019년 10월 16일 10시,수요일,부산광역시 부산진구 개금동,경상사고,0,0,1,0,차대사람 - 기타,보행자보호의무위반,포장 - 건조,맑음,교차로 - 교차로부근,승용,남,46세,상해없음,보행자,여,19세,경상
2019101600100275,2019년 10월 16일 11시,수요일,부산광역시 동래구 사직동,중상사고,0,1,0,0,차대사람 - 횡단중,안전운전불이행,포장 - 건조,맑음,단일로 - 기타,화물,남,66세,상해없음,보행자,여,83세,중상
2019101600100277,2019년 10월 16일 11시,수요일,부산광역시 기장군 일광면,경상사고,0,0,1,0,차대사람 - 기타,안전운전불이행,포장 - 건조,맑음,주차장 - 주차장,승용,여,70세,상해없음,보행자,여,56세,경상
2019101600100342,2019년 10월 16일 13시,수요일,부산광역시 동구 수정동,경상사고,0,0,1,0,차대사람 - 기타,안전운전불이행,포장 - 건조,맑음,단일로 - 기타,이륜,기타불명,미분류,기타불명,보행자,여,17세,경상
2019101600100427,2019년 10월 16일 15시,수요일,부산광역시 해운대구 반여동,중상사고,0,1,0,0,차대사람 - 기타,안전운전불이행,포장 - 건조,맑음,교차로 - 교차로부근,승용,여,42세,상해없음,보행자,남,17세,중상
2019101600100463,2019년 10월 16일 16시,수요일,부산광역시 수영구 망미동,부상신고사고,0,0,0,1,차대사람 - 기타,안전운전불이행,포장 - 건조,맑음,단일로 - 기타,승용,남,71세,상해없음,보행자,여,14세,부상신고
2019101600100554,2019년 10월 16일 18시,수요일,부산광역시 사상구 주례동,중상사고,0,1,0,0,차대사람 - 보도통행중,보행자보호의무위반,포장 - 건조,맑음,단일로 - 지하차도(도로)내,승용,남,78세,상해없음,보행자,남,68세,중상
2019101600100716,2019년 10월 16일 22시,수요일,부산광역시 북구 금곡동,경상사고,0,0,1,0,차대사람 - 기타,안전운전불이행,포장 - 건조,맑음,교차로 - 교차로안,승합,남,59세,상해없음,보행자,남,66세,경상
2019101600100717,2019년 10월 16일 22시,수요일,부산광역시 동래구 사직동,경상사고,0,0,1,1,차대사람 - 횡단중,안전운전불이행,포장 - 건조,맑음,단일로 - 기타,이륜,남,22세,부상신고,보행자,남,14세,경상
2019101700100276,2019년 10월 17일 12시,목요일,부산광역시 사하구 장림동,경상사고,0,0,1,0,차대사람 - 횡단중,안전운전불이행,포장 - 건조,맑음,단일로 - 기타,이륜,남,62세,상해없음,보행자,남,65세,경상
2019101700100311,2019년 10월 17일 13시,목요일,부산광역시 북구 덕천동,경상사고,0,0,1,0,차대사람 - 기타,안전운전불이행,포장 - 건조,맑음,단일로 - 기타,승용,남,61세,상해없음,보행자,남,64세,경상
2019101700100313,2019년 10월 17일 13시,목요일,부산광역시 연제구 거제동,중상사고,0,1,0,0,차대사람 - 차도통행중,안전운전불이행,포장 - 건조,맑음,단일로 - 기타,화물,남,44세,상해없음,보행자,여,80세,중상
2019101700100385,2019년 10월 17일 15시,목요일,부산광역시 중구 대창동1가,경상사고,0,0,1,0,차대사람 - 차도통행중,안전운전불이행,포장 - 건조,맑음,단일로 - 기타,승용,여,68세,상해없음,보행자,남,29세,경상
2019101700100386,2019년 10월 17일 15시,목요일,부산광역시 해운대구 반송동,경상사고,0,0,1,0,차대사람 - 횡단중,보행자보호의무위반,포장 - 건조,맑음,교차로 - 교차로횡단보도내,화물,남,46세,상해없음,보행자,남,7세,경상
2019101700100387,2019년 10월 17일 15시,목요일,부산광역시 해운대구 반여동,경상사고,0,0,1,0,차대사람 - 기타,안전운전불이행,포장 - 건조,맑음,교차로 - 교차로안,화물,남,64세,상해없음,보행자,남,64세,경상
2019101700100581,2019년 10월 17일 19시,목요일,부산광역시 해운대구 재송동,중상사고,0,1,0,0,차대사람 - 횡단중,신호위반,포장 - 건조,맑음,단일로 - 기타,이륜,남,17세,상해없음,보행자,여,12세,중상
2019101700100582,2019년 10월 17일 19시,목요일,부산광역시 부산진구 개금동,중상사고,0,1,0,0,차대사람 - 횡단중,안전운전불이행,포장 - 건조,맑음,교차로 - 교차로안,승용,남,30세,상해없음,보행자,여,72세,중상
2019101700100622,2019년 10월 17일 20시,목요일,부산광역시 동래구 온천동,경상사고,0,0,1,0,차대사람 - 횡단중,보행자보호의무위반,포장 - 건조,맑음,단일로 - 기타,승용,여,41세,상해없음,보행자,여,24세,경상
2019101700100645,2019년 10월 17일 21시,목요일,부산광역시 동래구 수안동,경상사고,0,0,1,0,차대사람 - 기타,안전운전불이행,포장 - 건조,맑음,단일로 - 기타,승합,남,51세,상해없음,보행자,여,72세,경상
2019101700100665,2019년 10월 17일 22시,목요일,부산광역시 북구 덕천동,중상사고,0,1,0,0,차대사람 - 횡단중,보행자보호의무위반,포장 - 건조,맑음,교차로 - 교차로횡단보도내,승용,남,72세,상해없음,보행자,여,22세,중상
2019101800100271,2019년 10월 18일 11시,금요일,부산광역시 서구 암남동,중상사고,0,1,0,0,차대사람 - 기타,안전운전불이행,포장 - 젖음/습기,비,단일로 - 기타,화물,여,40세,상해없음,보행자,여,67세,중상
2019101800100273,2019년 10월 18일 11시,금요일,부산광역시 부산진구 양정동,경상사고,0,0,1,0,차대사람 - 횡단중,신호위반,포장 - 젖음/습기,비,교차로 - 교차로횡단보도내,승용,남,72세,상해없음,보행자,남,74세,경상
2019101800100312,2019년 10월 18일 12시,금요일,부산광역시 부산진구 부전동,경상사고,0,0,1,0,차대사람 - 횡단중,보행자보호의무위반,포장 - 젖음/습기,비,교차로 - 교차로안,승용,남,24세,상해없음,보행자,남,39세,경상
2019101800100393,2019년 10월 18일 14시,금요일,부산광역시 부산진구 부전동,중상사고,0,1,0,0,차대사람 - 기타,안전운전불이행,포장 - 젖음/습기,비,단일로 - 기타,이륜,남,29세,기타불명,보행자,여,32세,중상
2019101800100471,2019년 10월 18일 16시,금요일,부산광역시 수영구 민락동,중상사고,0,1,0,0,차대사람 - 횡단중,안전운전불이행,포장 - 젖음/습기,비,교차로 - 교차로안,이륜,남,45세,기타불명,보행자,남,13세,중상
2019101800100513,2019년 10월 18일 17시,금요일,부산광역시 부산진구 부전동,중상사고,0,1,0,0,차대사람 - 기타,안전운전불이행,포장 - 젖음/습기,비,단일로 - 기타,승용,여,47세,상해없음,보행자,여,66세,중상
2019101800100574,2019년 10월 18일 18시,금요일,부산광역시 부산진구 범천동,경상사고,0,0,1,0,차대사람 - 횡단중,보행자보호의무위반,포장 - 젖음/습기,비,단일로 - 기타,승용,남,77세,상해없음,보행자,남,39세,경상
2019101800100575,2019년 10월 18일 18시,금요일,부산광역시 부산진구 부전동,경상사고,0,0,2,0,차대사람 - 기타,안전운전불이행,포장 - 젖음/습기,비,단일로 - 기타,이륜,남,35세,상해없음,보행자,남,21세,경상
2019101800100576,2019년 10월 18일 18시,금요일,부산광역시 연제구 연산동,경상사고,0,0,1,0,차대사람 - 기타,안전운전불이행,포장 - 젖음/습기,비,단일로 - 기타,승합,남,32세,상해없음,보행자,여,50세,경상
2019101800100577,2019년 10월 18일 18시,금요일,부산광역시 연제구 연산동,경상사고,0,0,1,0,차대사람 - 횡단중,안전운전불이행,포장 - 젖음/습기,비,교차로 - 교차로안,승용,여,40세,상해없음,보행자,남,32세,경상
2019101800100673,2019년 10월 18일 19시,금요일,부산광역시 해운대구 중동,중상사고,0,1,0,0,차대사람 - 횡단중,안전운전불이행,포장 - 젖음/습기,비,교차로 - 교차로횡단보도내,화물,남,50세,상해없음,보행자,남,64세,중상
2019101800100676,2019년 10월 18일 19시,금요일,부산광역시 사하구 하단동,중상사고,0,1,0,0,차대사람 - 기타,안전운전불이행,포장 - 젖음/습기,비,단일로 - 지하차도(도로)내,승합,남,60세,상해없음,보행자,남,51세,중상
2019101800100765,2019년 10월 18일 21시,금요일,부산광역시 부산진구 부전동,경상사고,0,0,1,0,차대사람 - 기타,기타,포장 - 침수,비,교차로 - 교차로부근,이륜,남,23세,상해없음,보행자,여,24세,경상
2019101800100810,2019년 10월 18일 22시,금요일,부산광역시 부산진구 개금동,경상사고,0,0,1,0,차대사람 - 횡단중,보행자보호의무위반,포장 - 젖음/습기,흐림,교차로 - 교차로횡단보도내,승용,여,60세,상해없음,보행자,여,25세,경상
2019101900100055,2019년 10월 19일 01시,토요일,부산광역시 동래구 명륜동,경상사고,0,0,1,0,차대사람 - 횡단중,보행자보호의무위반,포장 - 건조,기타,교차로 - 교차로횡단보도내,승용,남,24세,상해없음,보행자,남,35세,경상
2019101900100097,2019년 10월 19일 05시,토요일,부산광역시 부산진구 부전동,경상사고,0,0,1,0,차대사람 - 기타,안전운전불이행,포장 - 건조,맑음,단일로 - 기타,승용,남,30세,상해없음,보행자,여,23세,경상
2019101900100207,2019년 10월 19일 10시,토요일,부산광역시 부산진구 초읍동,중상사고,0,1,0,0,차대사람 - 횡단중,보행자보호의무위반,포장 - 건조,맑음,단일로 - 기타,이륜,남,38세,기타불명,보행자,남,43세,중상
2019101900100321,2019년 10월 19일 13시,토요일,부산광역시 중구 남포동6가,경상사고,0,0,1,0,차대사람 - 차도통행중,안전운전불이행,포장 - 건조,맑음,단일로 - 기타,승용,남,28세,상해없음,보행자,여,57세,경상
2019101900100323,2019년 10월 19일 13시,토요일,부산광역시 동래구 온천동,경상사고,0,0,1,0,차대사람 - 횡단중,보행자보호의무위반,포장 - 건조,맑음,교차로 - 교차로횡단보도내,승용,여,28세,상해없음,보행자,여,15세,경상
2019101900100353,2019년 10월 19일 14시,토요일,부산광역시 금정구 구서동,경상사고,0,0,1,0,차대사람 - 기타,안전운전불이행,포장 - 건조,맑음,기타 - 기타,승용,여,49세,상해없음,보행자,남,50세,경상
2019101900100355,2019년 10월 19일 14시,토요일,부산광역시 수영구 수영동,경상사고,0,0,1,0,차대사람 - 기타,안전운전불이행,포장 - 젖음/습기,비,단일로 - 기타,화물,남,45세,상해없음,보행자,남,76세,경상
2019101900100437,2019년 10월 19일 16시,토요일,부산광역시 연제구 거제동,중상사고,0,1,0,0,차대사람 - 기타,교차로운행방법위반,포장 - 건조,맑음,교차로 - 교차로안,자전거,남,38세,상해없음,보행자,여,79세,중상
2019101900100529,2019년 10월 19일 18시,토요일,부산광역시 해운대구 좌동,중상사고,0,1,0,0,차대사람 - 기타,안전운전불이행,포장 - 건조,맑음,단일로 - 기타,승용,남,30세,상해없음,보행자,여,52세,중상
2019101900100588,2019년 10월 19일 19시,토요일,부산광역시 사하구 하단동,경상사고,0,0,1,0,차대사람 - 기타,안전운전불이행,포장 - 건조,기타,교차로 - 교차로부근,승합,남,38세,상해없음,보행자,남,58세,경상
2019102000100035,2019년 10월 20일 00시,일요일,부산광역시 동래구 안락동,경상사고,0,0,1,0,차대사람 - 기타,안전운전불이행,포장 - 건조,맑음,교차로 - 교차로부근,승용,남,32세,상해없음,보행자,남,49세,경상
2019102000100058,2019년 10월 20일 02시,일요일,부산광역시 사상구 모라동,중상사고,0,2,1,0,차대사람 - 횡단중,과속,포장 - 건조,맑음,단일로 - 기타,승용,남,49세,상해없음,보행자,남,35세,중상
2019102000100116,2019년 10월 20일 08시,일요일,부산광역시 사상구 엄궁동,중상사고,0,1,0,0,차대사람 - 횡단중,보행자보호의무위반,포장 - 건조,맑음,교차로 - 교차로횡단보도내,화물,남,50세,상해없음,보행자,여,54세,중상
2019102000100342,2019년 10월 20일 16시,일요일,부산광역시 동래구 온천동,경상사고,0,0,1,0,차대사람 - 기타,안전운전불이행,포장 - 건조,맑음,교차로 - 교차로횡단보도내,승합,남,38세,상해없음,보행자,여,76세,경상
2019102000100343,2019년 10월 20일 16시,일요일,부산광역시 사하구 장림동,중상사고,0,1,0,0,차대사람 - 횡단중,보행자보호의무위반,포장 - 건조,맑음,단일로 - 지하차도(도로)내,승용,남,48세,상해없음,보행자,남,50세,중상
2019102000100411,2019년 10월 20일 18시,일요일,부산광역시 동구 수정동,경상사고,0,0,1,0,차대사람 - 차도통행중,안전운전불이행,포장 - 건조,맑음,단일로 - 기타,이륜,남,16세,상해없음,보행자,남,29세,경상
2019102000100535,2019년 10월 20일 22시,일요일,부산광역시 동래구 온천동,중상사고,0,1,0,0,차대사람 - 횡단중,보행자보호의무위반,포장 - 건조,맑음,단일로 - 기타,승용,남,41세,상해없음,보행자,여,28세,중상
2019102100100015,2019년 10월 21일 00시,월요일,부산광역시 서구 충무동3가,경상사고,0,0,1,0,차대사람 - 기타,안전운전불이행,포장 - 건조,맑음,교차로 - 교차로안,승용,남,47세,상해없음,보행자,남,26세,경상
2019102100100031,2019년 10월 21일 02시,월요일,부산광역시 중구 부평동2가,중상사고,0,1,0,0,차대사람 - 횡단중,신호위반,포장 - 건조,맑음,단일로 - 기타,승용,남,56세,상해없음,보행자,남,21세,중상
2019102100100069,2019년 10월 21일 06시,월요일,부산광역시 사상구 감전동,중상사고,0,1,0,0,차대사람 - 길가장자리구역통행중,안전운전불이행,포장 - 건조,맑음,단일로 - 기타,화물,남,51세,상해없음,보행자,여,69세,중상
2019102100100085,2019년 10월 21일 07시,월요일,부산광역시 연제구 연산동,중상사고,0,1,0,0,차대사람 - 차도통행중,안전운전불이행,포장 - 건조,맑음,교차로 - 교차로안,화물,남,37세,상해없음,보행자,여,58세,중상
2019102100100122,2019년 10월 21일 08시,월요일,부산광역시 강서구 송정동,중상사고,0,1,0,0,차대사람 - 차도통행중,안전운전불이행,포장 - 건조,맑음,단일로 - 기타,화물,남,65세,상해없음,보행자,남,80세,중상
2019102100100299,2019년 10월 21일 12시,월요일,부산광역시 동래구 온천동,중상사고,0,1,0,0,차대사람 - 보도통행중,보행자보호의무위반,포장 - 건조,맑음,교차로 - 교차로안,화물,남,48세,상해없음,보행자,남,55세,중상
2019102100100390,2019년 10월 21일 14시,월요일,부산광역시 동래구 명륜동,경상사고,0,0,1,0,차대사람 - 기타,신호위반,포장 - 건조,맑음,기타 - 기타,이륜,여,48세,상해없음,보행자,여,60세,경상
2019102100100463,2019년 10월 21일 16시,월요일,부산광역시 부산진구 전포동,중상사고,0,1,0,0,차대사람 - 기타,안전운전불이행,포장 - 건조,맑음,기타 - 기타,특수,남,38세,상해없음,보행자,여,10세,중상
2019102100100464,2019년 10월 21일 16시,월요일,부산광역시 사하구 하단동,중상사고,0,1,0,0,차대사람 - 차도통행중,보행자보호의무위반,포장 - 건조,맑음,단일로 - 기타,승용,남,31세,상해없음,보행자,남,71세,중상
2019102100100511,2019년 10월 21일 17시,월요일,부산광역시 수영구 광안동,부상신고사고,0,0,0,1,차대사람 - 보도통행중,안전운전불이행,포장 - 건조,맑음,교차로 - 교차로부근,승용,남,37세,기타불명,보행자,여,69세,부상신고