사고번호,사고일시,요일,시군구,사고내용,사망자수,중상자수,경상자수,부상신고자수,사고유형,법규위반,노면상태,기상상태,도로형태,가해운전자 차종,가해운전자 성별,가해운전자 연령,가해운전자 상해정도,피해운전자 차종,피해운전자 성별,피해운전자 연령,피해운전자 상해정도
2019120600100076,2019년 12월 6일 06시,금요일,부산광역시 부산진구 전포동,경상사고,0,0,1,0,차대사람 - 횡단중,보행자보호의무위반,포장 - 건조,맑음,교차로 - 교차로횡단보도내,화물,남,33세,상해없음,보행자,여,70세,경상
2019120600100177,2019년 12월 6일 09시,금요일,부산광역시 연제구 연산동,중상사고,0,1,0,0,차대사람 - 횡단중,안전운전불이행,포장 - 건조,맑음,교차로 - 교차로횡단보도내,화물,남,67세,상해없음,보행자,여,77세,중상
2019120600100178,2019년 12월 6일 09시,금요일,부산광역시 사상구 모라동,경상사고,0,0,1,0,차대사람 - 횡단중,안전운전불이행,포장 - 건조,맑음,교차로 - 교차로안,승용,남,56세,상해없음,보행자,여,59세,경상
2019120600100215,2019년 12월 6일 10시,금요일,부산광역시 서구 아미동2가,경상사고,0,0,1,0,차대사람 - 횡단중,안전운전불이행,포장 - 젖음/습기,흐림,교차로 - 교차로부근,승합,남,40세,상해없음,보행자,남,65세,경상
2019120600100245,2019년 12월 6일 11시,금요일,부산광역시 연제구 연산동,경상사고,0,0,1,0,차대사람 - 기타,안전운전불이행,포장 - 건조,맑음,단일로 - 기타,승용,남,65세,상해없음,보행자,여,48세,경상
2019120600100348,2019년 12월 6일 14시,금요일,부산광역시 남구 문현동,경상사고,0,0,1,0,차대사람 - 기타,안전운전불이행,포장 - 건조,맑음,단일로 - 기타,기타불명,기타불명,미분류,기타불명,보행자,여,16세,경상
2019120600100349,2019년 12월 6일 14시,금요일,부산광역시 강서구 대저2동,경상사고,0,0,1,0,차대사람 - 보도통행중,안전운전불이행,포장 - 건조,맑음,단일로 - 기타,자전거,여,73세,상해없음,보행자,남,47세,경상
2019120700100030,2019년 12월 7일 00시,토요일,부산광역시 동래구 온천동,경상사고,0,0,1,0,차대사람 - 기타,안전운전불이행,포장 - 건조,맑음,단일로 - 기타,승용,남,49세,상해없음,보행자,남,62세,경상
2019120700100032,2019년 12월 7일 00시,토요일,부산광역시 부산진구 양정동,중상사고,0,1,1,0,차대사람 - 횡단중,안전운전불이행,포장 - 건조,맑음,단일로 - 기타,승용,남,61세,상해없음,보행자,남,53세,중상
2019120700100179,2019년 12월 7일 10시,토요일,부산광역시 사상구 모라동,중상사고,0,1,0,0,차대사람 - 횡단중,신호위반,포장 - 건조,맑음,단일로 - 지하차도(도로)내,승용,남,61세,기타불명,보행자,여,78세,중상
2019120700100247,2019년 12월 7일 12시,토요일,부산광역시 수영구 민락동,경상사고,0,0,1,0,차대사람 - 기타,신호위반,포장 - 건조,맑음,단일로 - 기타,화물,남,62세,상해없음,보행자,남,38세,경상
2019120700100248,2019년 12월 7일 12시,토요일,부산광역시 부산진구 전포동,중상사고,0,1,0,0,차대사람 - 횡단중,신호위반,포장 - 건조,맑음,단일로 - 기타,이륜,남,56세,상해없음,보행자,여,23세,중상
2019120700100326,2019년 12월 7일 14시,토요일,부산광역시 부산진구 부암동,경상사고,0,0,1,0,차대사람 - 길가장자리구역통행중,안전운전불이행,포장 - 건조,맑음,교차로 - 교차로안,화물,남,72세,상해없음,보행자,여,82세,경상
2019120700100361,2019년 12월 7일 15시,토요일,부산광역시 남구 대연동,경상사고,0,0,1,0,차대사람 - 기타,안전운전불이행,포장 - 건조,맑음,단일로 - 기타,승용,남,27세,상해없음,보행자,여,72세,경상
2019120700100398,2019년 12월 7일 16시,토요일,부산광역시 사하구 괴정동,중상사고,0,1,0,0,차대사람 - 기타,안전운전불이행,포장 - 건조,맑음,단일로 - 지하차도(도로)내,승합,남,47세,상해없음,보행자,남,58세,중상
2019120700100424,2019년 12월 7일 17시,토요일,부산광역시 수영구 민락동,경상사고,0,0,1,0,차대사람 - 기타,안전운전불이행,포장 - 건조,맑음,단일로 - 기타,자전거,남,54세,기타불명,보행자,여,56세,경상
2019120700100425,2019년 12월 7일 17시,토요일,부산광역시 부산진구 부전동,경상사고,0,0,2,0,차대사람 - 기타,안전운전불이행,포장 - 건조,맑음,단일로 - 기타,승용,남,69세,상해없음,보행자,여,44세,경상
2019120700100426,2019년 12월 7일 17시,토요일,부산광역시 금정구 청룡동,중상사고,0,1,0,0,차대사람 - 기타,안전운전불이행,포장 - 건조,맑음,교차로 - 교차로안,승용,남,63세,상해없음,보행자,여,72세,중상
2019120700100474,2019년 12월 7일 18시,토요일,부산광역시 수영구 광안동,중상사고,0,1,0,0,차대사람 - 횡단중,안전운전불이행,포장 - 건조,맑음,교차로 - 교차로횡단보도내,승용,여,27세,상해없음,보행자,남,60세,중상
2019120700100602,2019년 12월 7일 21시,토요일,부산광역시 수영구 남천동,경상사고,0,0,1,0,차대사람 - 차도통행중,안전운전불이행,포장 - 건조,맑음,단일로 - 기타,승용,남,40세,상해없음,보행자,남,33세,경상
2019120800100018,2019년 12월 8일 00시,일요일,부산광역시 수영구 광안동,경상사고,0,0,1,0,차대사람 - 길가장자리구역통행중,안전운전불이행,포장 - 건조,맑음,교차로 - 교차로부근,승용,남,61세,상해없음,보행자,남,22세,경상
2019120800100091,2019년 12월 8일 03시,일요일,부산광역시 부산진구 범천동,중상사고,0,1,0,0,차대사람 - 횡단중,안전운전불이행,포장 - 건조,맑음,단일로 - 기타,승용,남,58세,상해없음,보행자,남,40세,중상
2019120800100115,2019년 12월 8일 05시,일요일,부산광역시 부산진구 부전동,경상사고,0,0,1,0,차대사람 - 기타,안전운전불이행,포장 - 건조,맑음,기타 - 기타,승용,남,63세,상해없음,보행자,남,23세,경상
2019120800100157,2019년 12월 8일 09시,일요일,부산광역시 동래구 온천동,부상신고사고,0,0,0,1,차대사람 - 기타,안전운전불이행,포장 - 건조,맑음,단일로 - 기타,승합,남,33세,상해없음,보행자,여,56세,부상신고
2019120800100205,2019년 12월 8일 11시,일요일,부산광역시 금정구 장전동,경상사고,0,0,1,0,차대사람 - 횡단중,안전운전불이행,포장 - 건조,맑음,단일로 - 기타,승합,남,49세,상해없음,보행자,여,75세,경상
2019120800100364,2019년 12월 8일 17시,일요일,부산광역시 금정구 선동,중상사고,0,1,0,0,차대사람 - 기타,안전운전불이행,포장 - 건조,맑음,단일로 - 기타,승용,남,63세,상해없음,보행자,남,8세,중상
2019120800100392,2019년 12월 8일 18시,일요일,부산광역시 동래구 온천동,경상사고,0,0,1,0,차대사람 - 길가장자리구역통행중,안전운전불이행,포장 - 건조,맑음,단일로 - 기타,승용,남,33세,상해없음,보행자,남,36세,경상
2019120800100393,2019년 12월 8일 18시,일요일,부산광역시 부산진구 개금동,경상사고,0,0,1,0,차대사람 - 기타,안전운전불이행,포장 - 건조,맑음,단일로 - 기타,승용,남,72세,상해없음,보행자,여,48세,경상
2019120800100449,2019년 12월 8일 20시,일요일,부산광역시 사하구 하단동,경상사고,0,0,1,0,차대사람 - 횡단중,신호위반,포장 - 건조,맑음,기타 - 기타,이륜,남,26세,상해없음,보행자,여,71세,경상
2019120900100107,2019년 12월 9일 07시,월요일,부산광역시 동래구 낙민동,중상사고,0,1,0,0,차대사람 - 횡단중,신호위반,포장 - 건조,맑음,단일로 - 기타,이륜,기타불명,미분류,기타불명,보행자,여,68세,중상
2019120900100139,2019년 12월 9일 08시,월요일,부산광역시 동구 범일동,경상사고,0,0,1,0,차대사람 - 기타,안전운전불이행,포장 - 건조,맑음,단일로 - 기타,승용,여,27세,상해없음,보행자,여,52세,경상
2019120900100141,2019년 12월 9일 08시,월요일,부산광역시 해운대구 재송동,중상사고,0,1,0,0,차대사람 - 차도통행중,안전운전불이행,포장 - 건조,맑음,교차로 - 교차로안,승용,여,37세,상해없음,보행자,남,72세,중상
2019120900100233,2019년 12월 9일 11시,월요일,부산광역시 동구 초량동,부상신고사고,0,0,0,1,차대사람 - 기타,안전운전불이행,포장 - 건조,맑음,단일로 - 기타,기타불명,기타불명,미분류,기타불명,보행자,남,60세,부상신고
2019120900100273,2019년 12월 9일 12시,월요일,부산광역시 서구 아미동2가,중상사고,0,1,0,0,차대사람 - 기타,보행자보호의무위반,포장 - 건조,맑음,교차로 - 교차로부근,화물,남,63세,상해없음,보행자,여,72세,중상
2019120900100334,2019년 12월 9일 14시,월요일,부산광역시 부산진구 연지동,경상사고,0,0,1,0,차대사람 - 횡단중,신호위반,포장 - 건조,맑음,기타 - 기타,승용,남,68세,상해없음,보행자,남,8세,경상
2019120900100377,2019년 12월 9일 15시,월요일,부산광역시 수영구 광안동,중상사고,0,1,0,0,차대사람 - 차도통행중,안전운전불이행,포장 - 건조,맑음,단일로 - 기타,승용,남,47세,상해없음,보행자,남,43세,중상
2019120900100446,2019년 12월 9일 17시,월요일,부산광역시 동구 초량동,경상사고,0,0,1,0,차대사람 - 차도통행중,안전운전불이행,포장 - 건조,맑음,교차로 - 교차로부근,승용,여,53세,상해없음,보행자,남,55세,경상
2019120900100447,2019년 12월 9일 17시,월요일,부산광역시 사하구 당리동,중상사고,0,1,0,0,차대사람 - 횡단중,안전운전불이행,포장 - 건조,맑음,교차로 - 교차로안,승용,여,38세,상해없음,보행자,여,21세,중상
2019120900100493,2019년 12월 9일 18시,월요일,부산광역시 동구 범일동,중상사고,0,1,0,0,차대사람 - 차도통행중,안전운전불이행,포장 - 건조,맑음,교차로 - 교차로안,승용,남,63세,상해없음,보행자,여,49세,중상
2019120900100600,2019년 12월 9일 21시,월요일,부산광역시 금정구 남산동,부상신고사고,0,0,0,1,차대사람 - 기타,안전운전불이행,포장 - 건조,맑음,단일로 - 기타,승합,남,51세,상해없음,보행자,여,59세,부상신고
2019121000100285,2019년 12월 10일 12시,화요일,부산광역시 부산진구 부암동,경상사고,0,0,1,0,차대사람 - 차도통행중,안전운전불이행,포장 - 건조,맑음,단일로 - 기타,화물,남,38세,상해없음,보행자,여,64세,경상
2019121000100334,2019년 12월 10일 14시,화요일,부산광역시 서구 서대신동2가,경상사고,0,0,1,0,차대사람 - 길가장자리구역통행중,안전운전불이행,포장 - 건조,맑음,단일로 - 기타,승용,남,74세,상해없음,보행자,남,77세,경상
2019121000100335,2019년 12월 10일 14시,화요일,부산광역시 남구 대연동,중상사고,0,1,0,0,차대사람 - 기타,안전운전불이행,포장 - 건조,맑음,단일로 - 기타,승용,여,23세,상해없음,보행자,남,8세,중상
2019121000100443,2019년 12월 10일 17시,화요일,부산광역시 영도구 청학동,중상사고,0,1,0,0,차대사람 - 횡단중,신호위반,포장 - 건조,맑음,단일로 - 기타,승용,여,79세,상해없음,보행자,여,68세,중상
2019121000100444,2019년 12월 10일 17시,화요일,부산광역시 해운대구 우동,부상신고사고,0,0,0,1,차대사람 - 기타,안전운전불이행,포장 - 건조,맑음,단일로 - 기타,자전거,남,36세,상해없음,보행자,여,78세,부상신고
2019121000100499,2019년 12월 10일 18시,화요일,부산광역시 중구 광복동1가,중상사고,0,1,0,0,차대사람 - 길가장자리구역통행중,안전운전불이행,포장 - 건조,맑음,단일로 - 기타,화물,남,54세,상해없음,보행자,여,54세,중상
2019121000100500,2019년 12월 10일 18시,화요일,부산광역시 동구 수정동,경상사고,0,0,1,0,차대사람 - 횡단중,보행자보호의무위반,포장 - 건조,맑음,교차로 - 교차로안,승용,남,50세,상해없음,보행자,남,60세,경상
2019121000100501,2019년 12월 10일 18시,화요일,부산광역시 북구 만덕동,경상사고,0,0,1,0,차대사람 - 횡단중,안전운전불이행,포장 - 건조,맑음,교차로 - 교차로부근,승용,여,43세,상해없음,보행자,여,73세,경상
2019121000100502,2019년 12월 10일 18시,화요일,부산광역시 동래구 사직동,경상사고,0,0,1,0,차대사람 - 차도통행중,안전운전불이행,포장 - 건조,맑음,단일로 - 기타,승용,남,61세,상해없음,보행자,여,50세,경상
2019121000100503,2019년 12월 10일 18시,화요일,부산광역시 해운대구 반여동,경상사고,0,0,1,0,차대사람 - 기타,안전운전불이행,포장 - 건조,맑음,단일로 - 기타,승용,남,62세,상해없음,보행자,남,24세,경상
2019121000100607,2019년 12월 10일 20시,화요일,부산광역시 남구 문현동,경상사고,0,0,1,0,차대사람 - 횡단중,보행자보호의무위반,포장 - 건조,맑음,기타 - 기타,승용,남,74세,상해없음,보행자,여,33세,경상
2019121000100647,2019년 12월 10일 21시,화요일,부산광역시 강서구 송정동,사망사고,1,0,0,0,차대사람 - 기타,안전운전불이행,포장 - 건조,맑음,교차로 - 교차로안,화물,남,35세,상해없음,보행자,여,78세,사망
2019121000100692,2019년 12월 10일 23시,화요일,부산광역시 수영구 민락동,부상신고사고,0,0,0,1,차대사람 - 횡단중,안전운전불이행,포장 - 건조,맑음,교차로 - 교차로횡단보도내,승합,남,59세,상해없음,보행자,남,58세,부상신고
2019121100100262,2019년 12월 11일 12시,수요일,부산광역시 동구 초량동,중상사고,0,1,0,0,차대사람 - 기타,안전운전불이행,포장 - 건조,맑음,단일로 - 기타,화물,남,68세,상해없음,보행자,여,65세,중상
2019121100100287,2019년 12월 11일 13시,수요일,부산광역시 금정구 장전동,중상사고,0,1,0,0,차대사람 - 기타,안전운전불이행,포장 - 건조,맑음,단일로 - 기타,승용,여,39세,상해없음,보행자,남,83세,중상
2019121100100343,2019년 12월 11일 15시,수요일,부산광역시 부산진구 범천동,중상사고,0,1,0,0,차대사람 - 차도통행중,안전운전불이행,포장 - 건조,맑음,단일로 - 기타,승용,남,41세,상해없음,보행자,여,62세,중상
2019121100100413,2019년 12월 11일 17시,수요일,부산광역시 북구 화명동,중상사고,0,1,0,0,차대사람 - 횡단중,안전운전불이행,포장 - 건조,맑음,단일로 - 지하차도(도로)내,승용,여,57세,상해없음,보행자,여,53세,중상
2019121100100470,2019년 12월 11일 18시,수요일,부산광역시 사상구 감전동,경상사고,0,0,1,0,차대사람 - 길가장자리구역통행중,안전운전불이행,포장 - 건조,맑음,단일로 - 기타,화물,남,51세,상해없음,보행자,여,72세,경상
2019121100100471,2019년 12월 11일 18시,수요일,부산광역시 사상구 학장동,중상사고,0,1,0,0,차대사람 - 횡단중,보행자보호의무위반,포장 - 건조,맑음,교차로 - 교차로안,승용,여,37세,상해없음,보행자,여,79세,중상
2019121100100527,2019년 12월 11일 19시,수요일,부산광역시 부산진구 부전동,중상사고,0,1,0,0,차대사람 - 기타,안전운전불이행,포장 - 건조,맑음,단일로 - 기타,승용,남,19세,상해없음,보행자,남,38세,중상
2019121100100528,2019년 12월 11일 19시,수요일,부산광역시 금정구 부곡동,부상신고사고,0,0,0,1,차대사람 - 기타,안전운전불이행,포장 - 건조,맑음,기타 - 기타,이륜,남,36세,상해없음,보행자,남,62세,부상신고
2019121100100589,2019년 12월 11일 21시,수요일,부산광역시 연제구 연산동,부상신고사고,0,0,0,1,차대사람 - 횡단중,보행자보호의무위반,포장 - 건조,맑음,단일로 - 기타,기타불명,기타불명,미분류,기타불명,보행자,남,25세,부상신고
2019121100100608,2019년 12월 11일 22시,수요일,부산광역시 남구 용호동,중상사고,0,1,0,0,차대사람 - 기타,보행자보호의무위반,포장 - 건조,맑음,단일로 - 기타,승용,여,37세,상해없음,보행자,여,48세,중상
2019121100100609,2019년 12월 11일 22시,수요일,부산광역시 연제구 거제동,경상사고,0,0,1,0,차대사람 - 기타,안전운전불이행,포장 - 건조,맑음,단일로 - 기타,승용,남,57세,상해없음,보행자,남,46세,경상
2019121200100091,2019년 12월 12일 06시,목요일,부산광역시 금정구 구서동,중상사고,0,1,0,0,차대사람 - 보도통행중,기타,포장 - 건조,맑음,단일로 - 기타,화물,남,53세,상해없음,보행자,여,86세,중상
2019121200100113,2019년 12월 12일 07시,목요일,부산광역시 서구 아미동2가,중상사고,0,1,0,0,차대사람 - 차도통행중,안전운전불이행,포장 - 건조,맑음,단일로 - 기타,승용,여,47세,상해없음,보행자,남,45세,중상
2019121200100115,2019년 12월 12일 07시,목요일,부산광역시 동래구 복천동,중상사고,0,1,0,0,차대사람 - 기타,안전운전불이행,포장 - 건조,맑음,교차로 - 교차로안,화물,남,51세,상해없음,보행자,여,80세,중상
2019121200100261,2019년 12월 12일 11시,목요일,부산광역시 연제구 연산동,중상사고,0,1,0,0,차대사람 - 횡단중,안전운전불이행,포장 - 건조,맑음,교차로 - 교차로횡단보도내,이륜,남,35세,상해없음,보행자,여,67세,중상
2019121200100382,2019년 12월 12일 15시,목요일,부산광역시 동구 초량동,중상사고,0,1,0,0,차대사람 - 횡단중,보행자보호의무위반,포장 - 건조,맑음,단일로 - 기타,승용,여,54세,상해없음,보행자,남,66세,중상
2019121200100420,2019년 12월 12일 16시,목요일,부산광역시 해운대구 우동,부상신고사고,0,0,0,1,차대사람 - 보도통행중,안전운전불이행,포장 - 건조,기타,교차로 - 교차로횡단보도내,기타불명,기타불명,미분류,기타불명,보행자,여,33세,부상신고
2019121200100454,2019년 12월 12일 17시,목요일,부산광역시 서구 충무동1가,중상사고,0,1,0,0,차대사람 - 횡단중,보행자보호의무위반,포장 - 건조,맑음,단일로 - 기타,사륜오토바이(ATV),여,68세,상해없음,보행자,여,72세,중상
2019121200100455,2019년 12월 12일 17시,목요일,부산광역시 북구 화명동,중상사고,0,1,0,0,차대사람 - 기타,안전운전불이행,포장 - 건조,맑음,단일로 - 기타,승용,여,57세,상해없음,보행자,남,9세,중상
2019121200100456,2019년 12월 12일 17시,목요일,부산광역시 해운대구 반여동,중상사고,0,1,0,0,차대사람 - 횡단중,보행자보호의무위반,포장 - 건조,맑음,교차로 - 교차로횡단보도내,승용,남,70세,상해없음,보행자,여,69세,중상
2019121200100458,2019년 12월 12일 17시,목요일,부산광역시 연제구 연산동,경상사고,0,0,1,0,차대사람 - 보도통행중,안전운전불이행,포장 - 건조,맑음,단일로 - 기타,승용,여,43세,상해없음,보행자,남,30세,경상
2019121200100508,2019년 12월 12일 18시,목요일,부산광역시 동구 좌천동,경상사고,0,0,1,0,차대사람 - 횡단중,보행자보호의무위반,포장 - 건조,맑음,단일로 - 기타,승용,여,37세,상해없음,보행자,남,81세,경상
2019121200100700,2019년 12월 12일 23시,목요일,부산광역시 수영구 광안동,경상사고,0,0,1,0,차대사람 - 기타,안전운전불이행,포장 - 건조,맑음,단일로 - 기타,승용,남,58세,상해없음,보행자,남,55세,경상
2019121300100412,2019년 12월 13일 16시,금요일,부산광역시 남구 대연동,중상사고,0,1,0,0,차대사람 - 기타,안전운전불이행,포장 - 건조,맑음,단일로 - 기타,승용,남,54세,상해없음,보행자,여,56세,중상
2019121300100416,2019년 12월 13일 16시,금요일,부산광역시 기장군 기장읍,중상사고,0,1,0,0,차대사람 - 횡단중,보행자보호의무위반,포장 - 건조,맑음,단일로 - 기타,승용,여,58세,상해없음,보행자,남,84세,중상
2019121300100655,2019년 12월 13일 20시,금요일,부산광역시 동래구 명륜동,경상사고,0,0,1,0,차대사람 - 기타,안전운전불이행,포장 - 건조,맑음,단일로 - 기타,승용,남,46세,상해없음,보행자,여,36세,경상
2019121400100130,2019년 12월 14일 06시,토요일,부산광역시 사상구 주례동,중상사고,0,1,0,0,차대사람 - 기타,안전운전불이행,포장 - 건조,맑음,교차로 - 교차로안,승용,여,40세,상해없음,보행자,여,76세,중상
2019121400100340,2019년 12월 14일 12시,토요일,부산광역시 사하구 당리동,경상사고,0,0,1,0,차대사람 - 기타,안전운전불이행,포장 - 건조,맑음,단일로 - 기타,승용,남,59세,상해없음,보행자,여,20세,경상
2019121400100377,2019년 12월 14일 13시,토요일,부산광역시 동구 범일동,경상사고,0,0,1,0,차대사람 - 보도통행중,기타,포장 - 건조,맑음,단일로 - 기타,승용,남,53세,상해없음,보행자,여,46세,경상
2019121400100420,2019년 12월 14일 14시,토요일,부산광역시 부산진구 전포동,경상사고,0,0,1,0,차대사람 - 횡단중,보행자보호의무위반,포장 - 건조,맑음,단일로 - 기타,기타불명,기타불명,미분류,기타불명,보행자,여,12세,경상
2019121400100507,2019년 12월 14일 16시,토요일,부산광역시 사하구 감천동,경상사고,0,0,1,0,차대사람 - 기타,안전운전불이행,포장 - 건조,맑음,단일로 - 기타,이륜,남,49세,상해없음,보행자,여,60세,경상
2019121400100543,2019년 12월 14일 17시,토요일,부산광역시 해운대구 중동,부상신고사고,0,0,0,1,차대사람 - 차도통행중,안전운전불이행,포장 - 건조,맑음,단일로 - 기타,승용,남,51세,상해없음,보행자,남,9세,부상신고
2019121400100603,2019년 12월 14일 18시,토요일,부산광역시 중구 동광동3가,중상사고,0,1,0,0,차대사람 - 차도통행중,안전운전불이행,포장 - 건조,맑음,교차로 - 교차로안,승용,남,58세,상해없음,보행자,남,65세,중상
2019121400100699,2019년 12월 14일 20시,토요일,부산광역시 수영구 민락동,경상사고,0,0,1,0,차대사람 - 기타,안전운전불이행,포장 - 건조,맑음,교차로 - 교차로부근,승용,남,66세,상해없음,보행자,여,70세,경상
2019121400100732,2019년 12월 14일 21시,토요일,부산광역시 강서구 명지동,중상사고,0,1,0,0,차대사람 - 차도통행중,안전운전불이행,포장 - 건조,맑음,교차로 - 교차로부근,승용,남,39세,상해없음,보행자,남,32세,중상
2019121400100794,2019년 12월 14일 23시,토요일,부산광역시 남구 대연동,경상사고,0,0,1,0,차대사람 - 횡단중,보행자보호의무위반,포장 - 건조,맑음,교차로 - 교차로횡단보도내,승용,남,52세,상해없음,보행자,여,4세,경상
2019121500100039,2019년 12월 15일 01시,일요일,부산광역시 부산진구 부전동,중상사고,0,2,0,0,차대사람 - 기타,안전운전불이행,포장 - 건조,맑음,단일로 - 기타,승용,남,63세,상해없음,보행자,여,21세,중상
2019121500100040,2019년 12월 15일 01시,일요일,부산광역시 부산진구 부전동,중상사고,0,1,0,0,차대사람 - 기타,안전운전불이행,포장 - 건조,맑음,단일로 - 기타,승용,남,29세,상해없음,보행자,남,22세,중상
2019121500100059,2019년 12월 15일 02시,일요일,부산광역시 사상구 괘법동,중상사고,0,3,0,0,차대사람 - 횡단중,안전운전불이행,포장 - 건조,맑음,단일로 - 기타,승용,남,39세,상해없음,보행자,남,46세,중상
2019121500100070,2019년 12월 15일 03시,일요일,부산광역시 사상구 괘법동,중상사고,0,1,0,0,차대사람 - 횡단중,신호위반,포장 - 건조,맑음,교차로 - 교차로횡단보도내,승용,남,64세,상해없음,보행자,남,30세,중상
2019121500100175,2019년 12월 15일 10시,일요일,부산광역시 북구 금곡동,중상사고,0,1,0,0,차대사람 - 기타,안전운전불이행,포장 - 건조,맑음,교차로 - 교차로안,화물,남,60세,상해없음,보행자,남,62세,중상
2019121500100371,2019년 12월 15일 17시,일요일,부산광역시 강서구 대항동,중상사고,0,1,0,0,차대사람 - 횡단중,안전운전불이행,포장 - 건조,맑음,단일로 - 기타,화물,남,52세,상해없음,보행자,여,58세,중상
2019121500100404,2019년 12월 15일 18시,일요일,부산광역시 수영구 광안동,경상사고,0,0,1,0,차대사람 - 횡단중,보행자보호의무위반,포장 - 건조,맑음,기타 - 기타,승용,남,63세,상해없음,보행자,여,65세,경상
2019121500100406,2019년 12월 15일 18시,일요일,부산광역시 사상구 주례동,경상사고,0,0,1,0,차대사람 - 기타,안전운전불이행,포장 - 건조,맑음,교차로 - 교차로안,승용,여,59세,상해없음,보행자,여,68세,경상
2019121500100407,2019년 12월 15일 18시,일요일,부산광역시 사상구 감전동,부상신고사고,0,0,0,1,차대사람 - 기타,안전운전불이행,포장 - 건조,맑음,단일로 - 기타,승용,여,51세,상해없음,보행자,남,44세,부상신고
2019121500100517,2019년 12월 15일 22시,일요일,부산광역시 부산진구 가야동,부상신고사고,0,0,0,1,차대사람 - 기타,안전운전불이행,포장 - 건조,맑음,단일로 - 기타,이륜,남,22세,상해없음,보행자,남,36세,부상신고
2019121500100518,2019년 12월 15일 22시,일요일,부산광역시 부산진구 부전동,중상사고,0,1,0,0,차대사람 - 기타,안전운전불이행,포장 - 건조,맑음,교차로 - 교차로부근,승용,남,28세,상해없음,보행자,남,23세,중상
2019121600100065,2019년 12월 16일 05시,월요일,부산광역시 북구 화명동,중상사고,0,1,0,0,차대사람 - 차도통행중,보행자보호의무위반,포장 - 건조,맑음,교차로 - 교차로횡단보도내,승용,남,62세,상해없음,보행자,여,64세,중상
2019121600100249,2019년 12월 16일 11시,월요일,부산광역시 남구 대연동,경상사고,0,0,1,0,차대사람 - 기타,안전운전불이행,포장 - 건조,맑음,단일로 - 기타,이륜,남,39세,상해없음,보행자,여,78세,경상
2019121600100250,2019년 12월 16일 11시,월요일,부산광역시 동래구 온천동,경상사고,0,0,1,0,차대사람 - 길가장자리구역통행중,안전운전불이행,포장 - 건조,맑음,교차로 - 교차로부근,승용,여,43세,상해없음,보행자,여,48세,경상
2019121600100251,2019년 12월 16일 11시,월요일,부산광역시 동래구 명장동,중상사고,0,1,0,0,차대사람 - 횡단중,보행자보호의무위반,포장 - 건조,맑음,교차로 - 교차로횡단보도내,화물,남,66세,상해없음,보행자,여,14세,중상
2019121600100284,2019년 12월 16일 12시,월요일,부산광역시 서구 충무동1가,경상사고,0,0,1,0,차대사람 - 횡단중,안전운전불이행,포장 - 건조,맑음,단일로 - 기타,승합,남,52세,상해없음,보행자,남,65세,경상
2019121600100286,2019년 12월 16일 12시,월요일,부산광역시 금정구 부곡동,경상사고,0,0,1,0,차대사람 - 기타,안전운전불이행,포장 - 건조,맑음,교차로 - 교차로안,개인형이동수단(PM),남,46세,상해없음,보행자,여,70세,경상
2019121600100317,2019년 12월 16일 13시,월요일,부산광역시 사상구 주례동,경상사고,0,0,1,0,차대사람 - 기타,안전운전불이행,포장 - 건조,맑음,단일로 - 기타,이륜,남,28세,상해없음,보행자,남,57세,경상
2019121600100383,2019년 12월 16일 15시,월요일,부산광역시 동래구 명장동,중상사고,0,1,0,0,차대사람 - 기타,안전운전불이행,포장 - 건조,맑음,교차로 - 교차로안,승용,남,49세,상해없음,보행자,남,78세,중상
2019121600100579,2019년 12월 16일 19시,월요일,부산광역시 해운대구 반여동,중상사고,0,1,0,0,차대사람 - 횡단중,안전운전불이행,포장 - 건조,맑음,단일로 - 기타,승용,여,49세,상해없음,보행자,남,52세,중상
2019121600100653,2019년 12월 16일 22시,월요일,부산광역시 부산진구 부암동,사망사고,1,0,0,0,차대사람 - 횡단중,안전운전불이행,포장 - 건조,맑음,교차로 - 교차로횡단보도내,승용,남,45세,상해없음,보행자,여,21세,사망
2019121700100044,2019년 12월 17일 04시,화요일,부산광역시 수영구 광안동,중상사고,0,1,0,0,차대사람 - 횡단중,신호위반,포장 - 건조,맑음,교차로 - 교차로횡단보도내,이륜,남,20세,상해없음,보행자,남,59세,중상
2019121700100156,2019년 12월 17일 09시,화요일,부산광역시 해운대구 재송동,중상사고,0,1,1,0,차대사람 - 횡단중,보행자보호의무위반,포장 - 건조,맑음,교차로 - 교차로안,승용,남,67세,상해없음,보행자,여,70세,중상
2019121700100284,2019년 12월 17일 13시,화요일,부산광역시 북구 덕천동,중상사고,0,1,0,0,차대사람 - 횡단중,안전운전불이행,포장 - 건조,맑음,단일로 - 기타,승용,남,75세,상해없음,보행자,남,62세,중상
2019121700100312,2019년 12월 17일 14시,화요일,부산광역시 북구 화명동,경상사고,0,0,1,0,차대사람 - 횡단중,안전운전불이행,포장 - 건조,맑음,교차로 - 교차로부근,승용,여,47세,상해없음,보행자,여,26세,경상
2019121700100383,2019년 12월 17일 16시,화요일,부산광역시 수영구 광안동,중상사고,0,1,0,0,차대사람 - 길가장자리구역통행중,안전운전불이행,포장 - 건조,맑음,교차로 - 교차로부근,승용,여,42세,상해없음,보행자,남,69세,중상