사고번호,사고일시,요일,시군구,사고내용,사망자수,중상자수,경상자수,부상신고자수,사고유형,법규위반,노면상태,기상상태,도로형태,가해운전자 차종,가해운전자 성별,가해운전자 연령,가해운전자 상해정도,피해운전자 차종,피해운전자 성별,피해운전자 연령,피해운전자 상해정도
2020012300100504,2020년 1월 23일 17시,목요일,부산광역시 수영구 민락동,경상사고,0,0,1,0,차대사람 - 기타,신호위반,포장 - 건조,맑음,단일로 - 기타,승용,여,41세,상해없음,보행자,여,51세,경상
2020012300100506,2020년 1월 23일 17시,목요일,부산광역시 동래구 명장동,부상신고사고,0,0,0,1,차대사람 - 길가장자리구역통행중,안전운전불이행,포장 - 건조,맑음,단일로 - 기타,화물,남,55세,상해없음,보행자,남,61세,부상신고
2020012300100510,2020년 1월 23일 17시,목요일,부산광역시 연제구 연산동,중상사고,0,1,0,0,차대사람 - 횡단중,안전운전불이행,포장 - 건조,맑음,단일로 - 기타,승용,남,57세,상해없음,보행자,여,75세,중상
2020012300100560,2020년 1월 23일 18시,목요일,부산광역시 부산진구 개금동,중상사고,0,1,0,0,차대사람 - 횡단중,안전운전불이행,포장 - 건조,맑음,교차로 - 교차로안,승용,남,61세,상해없음,보행자,남,70세,중상
2020012300100611,2020년 1월 23일 19시,목요일,부산광역시 연제구 연산동,중상사고,0,1,0,0,차대사람 - 기타,기타,포장 - 건조,맑음,단일로 - 교량,이륜,남,63세,상해없음,보행자,여,65세,중상
2020012300100700,2020년 1월 23일 21시,목요일,부산광역시 사하구 당리동,경상사고,0,0,1,0,차대사람 - 횡단중,보행자보호의무위반,포장 - 건조,기타,교차로 - 교차로부근,이륜,남,30세,상해없음,보행자,여,46세,경상
2020012300100729,2020년 1월 23일 22시,목요일,부산광역시 중구 부평동1가,중상사고,0,1,1,0,차대사람 - 횡단중,보행자보호의무위반,포장 - 건조,맑음,단일로 - 기타,승용,남,66세,상해없음,보행자,여,31세,중상
2020012300100731,2020년 1월 23일 22시,목요일,부산광역시 동래구 온천동,경상사고,0,0,1,0,차대사람 - 기타,안전운전불이행,포장 - 건조,맑음,기타 - 기타,승용,남,65세,상해없음,보행자,여,52세,경상
2020012300100752,2020년 1월 23일 23시,목요일,부산광역시 사하구 괴정동,경상사고,0,0,1,0,차대사람 - 기타,안전운전불이행,포장 - 건조,기타,단일로 - 기타,승용,남,53세,상해없음,보행자,남,25세,경상
2020012400100004,2020년 1월 24일 00시,금요일,부산광역시 금정구 서동,중상사고,0,1,0,0,차대사람 - 기타,기타,포장 - 건조,맑음,단일로 - 기타,승합,남,32세,상해없음,보행자,여,57세,중상
2020012400100282,2020년 1월 24일 16시,금요일,부산광역시 부산진구 가야동,경상사고,0,0,1,0,차대사람 - 차도통행중,안전운전불이행,포장 - 건조,맑음,단일로 - 기타,승용,남,56세,상해없음,보행자,여,60세,경상
2020012400100325,2020년 1월 24일 18시,금요일,부산광역시 북구 금곡동,중상사고,0,1,0,0,차대사람 - 기타,안전운전불이행,포장 - 건조,맑음,단일로 - 기타,승용,남,26세,상해없음,보행자,여,92세,중상
2020012400100326,2020년 1월 24일 18시,금요일,부산광역시 영도구 동삼동,중상사고,0,1,0,0,차대사람 - 길가장자리구역통행중,안전운전불이행,포장 - 건조,맑음,단일로 - 기타,승용,남,57세,상해없음,보행자,남,73세,중상
2020012400100327,2020년 1월 24일 18시,금요일,부산광역시 부산진구 초읍동,경상사고,0,0,1,0,차대사람 - 횡단중,보행자보호의무위반,포장 - 건조,흐림,교차로 - 교차로횡단보도내,승용,여,58세,상해없음,보행자,남,65세,경상
2020012400100393,2020년 1월 24일 20시,금요일,부산광역시 해운대구 반여동,경상사고,0,0,1,0,차대사람 - 횡단중,안전운전불이행,포장 - 건조,맑음,단일로 - 기타,기타불명,기타불명,미분류,기타불명,보행자,남,59세,경상
2020012400100432,2020년 1월 24일 22시,금요일,부산광역시 사하구 당리동,경상사고,0,0,1,0,차대사람 - 차도통행중,안전운전불이행,포장 - 건조,맑음,단일로 - 기타,승용,남,69세,상해없음,보행자,남,27세,경상
2020012400100450,2020년 1월 24일 23시,금요일,부산광역시 영도구 봉래동4가,중상사고,0,1,0,0,차대사람 - 기타,안전운전불이행,포장 - 건조,맑음,단일로 - 기타,승용,남,55세,상해없음,보행자,남,44세,중상
2020012500100093,2020년 1월 25일 11시,토요일,부산광역시 금정구 회동동,중상사고,0,1,0,0,차대사람 - 기타,안전운전불이행,포장 - 건조,맑음,단일로 - 기타,승용,남,47세,상해없음,보행자,남,53세,중상
2020012500100111,2020년 1월 25일 12시,토요일,부산광역시 수영구 남천동,경상사고,0,0,1,0,차대사람 - 차도통행중,안전운전불이행,포장 - 건조,맑음,교차로 - 교차로부근,승용,남,38세,기타불명,보행자,여,26세,경상
2020012500100189,2020년 1월 25일 15시,토요일,부산광역시 사하구 하단동,경상사고,0,0,1,0,차대사람 - 기타,안전운전불이행,포장 - 건조,맑음,단일로 - 기타,승용,남,35세,상해없음,보행자,남,20세,경상
2020012500100271,2020년 1월 25일 19시,토요일,부산광역시 연제구 연산동,경상사고,0,0,1,0,차대사람 - 길가장자리구역통행중,안전운전불이행,포장 - 건조,맑음,단일로 - 기타,승용,남,25세,상해없음,보행자,남,34세,경상
2020012600100130,2020년 1월 26일 13시,일요일,부산광역시 부산진구 범전동,중상사고,0,1,3,0,차대사람 - 횡단중,신호위반,포장 - 건조,맑음,단일로 - 기타,승용,남,36세,상해없음,보행자,남,8세,경상
2020012600100131,2020년 1월 26일 13시,일요일,부산광역시 사하구 괴정동,중상사고,0,1,0,1,차대사람 - 보도통행중,기타,포장 - 건조,흐림,단일로 - 지하차도(도로)내,원동기,남,59세,부상신고,보행자,여,51세,중상
2020012600100169,2020년 1월 26일 15시,일요일,부산광역시 동구 범일동,경상사고,0,0,1,0,차대사람 - 횡단중,신호위반,포장 - 건조,맑음,단일로 - 기타,승용,남,32세,상해없음,보행자,남,20세,경상
2020012600100171,2020년 1월 26일 15시,일요일,부산광역시 사하구 괴정동,경상사고,0,0,1,0,차대사람 - 기타,안전운전불이행,포장 - 건조,흐림,단일로 - 지하차도(도로)내,승용,남,46세,상해없음,보행자,여,7세,경상
2020012600100184,2020년 1월 26일 16시,일요일,부산광역시 부산진구 전포동,경상사고,0,0,1,0,차대사람 - 차도통행중,안전운전불이행,포장 - 건조,기타,단일로 - 기타,승용,남,46세,상해없음,보행자,여,24세,경상
2020012600100247,2020년 1월 26일 19시,일요일,부산광역시 동래구 온천동,중상사고,0,1,0,0,차대사람 - 기타,안전운전불이행,포장 - 건조,맑음,교차로 - 교차로안,승용,여,44세,상해없음,보행자,여,44세,중상
2020012600100248,2020년 1월 26일 19시,일요일,부산광역시 동래구 안락동,경상사고,0,0,1,0,차대사람 - 횡단중,안전운전불이행,포장 - 건조,맑음,교차로 - 교차로안,승용,남,53세,상해없음,보행자,여,25세,경상
2020012600100304,2020년 1월 26일 21시,일요일,부산광역시 북구 금곡동,중상사고,0,1,0,0,차대사람 - 기타,안전운전불이행,포장 - 건조,맑음,단일로 - 기타,승용,남,60세,상해없음,보행자,여,82세,중상
2020012600100305,2020년 1월 26일 21시,일요일,부산광역시 해운대구 좌동,중상사고,0,1,0,0,차대사람 - 횡단중,신호위반,포장 - 건조,맑음,교차로 - 교차로부근,이륜,남,46세,상해없음,보행자,여,13세,중상
2020012700100004,2020년 1월 27일 00시,월요일,부산광역시 부산진구 부전동,경상사고,0,0,1,0,차대사람 - 기타,안전운전불이행,포장 - 건조,맑음,단일로 - 기타,승용,남,63세,상해없음,보행자,남,24세,경상
2020012700100044,2020년 1월 27일 03시,월요일,부산광역시 연제구 연산동,경상사고,0,0,1,0,차대사람 - 횡단중,안전운전불이행,포장 - 젖음/습기,맑음,단일로 - 기타,승용,남,47세,상해없음,보행자,남,71세,경상
2020012700100054,2020년 1월 27일 04시,월요일,부산광역시 동래구 명륜동,중상사고,0,1,0,0,차대사람 - 기타,안전운전불이행,포장 - 젖음/습기,비,단일로 - 기타,승용,남,30세,상해없음,보행자,남,53세,중상
2020012700100055,2020년 1월 27일 04시,월요일,부산광역시 금정구 부곡동,중상사고,0,1,0,0,차대사람 - 차도통행중,안전운전불이행,포장 - 젖음/습기,비,교차로 - 교차로안,승용,남,23세,상해없음,보행자,남,51세,중상
2020012700100066,2020년 1월 27일 05시,월요일,부산광역시 연제구 연산동,중상사고,0,1,0,0,차대사람 - 횡단중,안전운전불이행,포장 - 젖음/습기,비,단일로 - 기타,승용,남,67세,상해없음,보행자,여,62세,중상
2020012700100079,2020년 1월 27일 06시,월요일,부산광역시 사하구 하단동,중상사고,0,1,0,0,차대사람 - 횡단중,보행자보호의무위반,포장 - 건조,맑음,교차로 - 교차로횡단보도내,승용,남,77세,상해없음,보행자,남,69세,중상
2020012700100276,2020년 1월 27일 18시,월요일,부산광역시 동래구 온천동,경상사고,0,0,1,0,차대사람 - 횡단중,신호위반,포장 - 젖음/습기,비,교차로 - 교차로안,승용,여,53세,상해없음,보행자,여,56세,경상
2020012700100357,2020년 1월 27일 20시,월요일,부산광역시 해운대구 반여동,경상사고,0,0,1,0,차대사람 - 보도통행중,신호위반,포장 - 건조,맑음,단일로 - 기타,승합,여,53세,상해없음,보행자,여,29세,경상
2020012700100447,2020년 1월 27일 23시,월요일,부산광역시 동래구 온천동,경상사고,0,0,1,0,차대사람 - 횡단중,안전운전불이행,포장 - 젖음/습기,비,단일로 - 기타,승용,남,60세,상해없음,보행자,남,25세,경상
2020012800100066,2020년 1월 28일 07시,화요일,부산광역시 동래구 낙민동,중상사고,0,1,0,0,차대사람 - 기타,보행자보호의무위반,포장 - 젖음/습기,흐림,교차로 - 교차로횡단보도내,화물,남,61세,상해없음,보행자,남,71세,중상
2020012800100149,2020년 1월 28일 10시,화요일,부산광역시 사상구 괘법동,부상신고사고,0,0,0,1,차대사람 - 차도통행중,안전운전불이행,포장 - 건조,맑음,교차로 - 교차로안,화물,남,60세,상해없음,보행자,남,79세,부상신고
2020012800100181,2020년 1월 28일 11시,화요일,부산광역시 서구 토성동3가,경상사고,0,0,1,0,차대사람 - 차도통행중,안전운전불이행,포장 - 건조,맑음,교차로 - 교차로부근,승용,남,26세,상해없음,보행자,남,49세,경상
2020012800100203,2020년 1월 28일 12시,화요일,부산광역시 동구 좌천동,중상사고,0,1,0,0,차대사람 - 횡단중,보행자보호의무위반,포장 - 건조,맑음,교차로 - 교차로횡단보도내,화물,남,60세,상해없음,보행자,남,83세,중상
2020012800100205,2020년 1월 28일 12시,화요일,부산광역시 영도구 동삼동,경상사고,0,0,1,0,차대사람 - 기타,안전운전불이행,포장 - 건조,맑음,교차로 - 교차로안,화물,남,38세,상해없음,보행자,여,38세,경상
2020012800100207,2020년 1월 28일 12시,화요일,부산광역시 사하구 감천동,부상신고사고,0,0,0,1,차대사람 - 횡단중,안전운전불이행,포장 - 건조,맑음,단일로 - 지하차도(도로)내,승용,남,61세,상해없음,보행자,남,82세,부상신고
2020012800100237,2020년 1월 28일 13시,화요일,부산광역시 동구 초량동,경상사고,0,0,1,0,차대사람 - 차도통행중,안전운전불이행,포장 - 건조,맑음,단일로 - 기타,승용,여,44세,상해없음,보행자,남,29세,경상
2020012800100324,2020년 1월 28일 16시,화요일,부산광역시 중구 보수동1가,중상사고,0,1,0,0,차대사람 - 횡단중,안전운전불이행,포장 - 건조,맑음,단일로 - 기타,승합,남,63세,상해없음,보행자,남,83세,중상
2020012800100378,2020년 1월 28일 18시,화요일,부산광역시 동구 초량동,중상사고,0,1,0,0,차대사람 - 보도통행중,안전운전불이행,포장 - 건조,맑음,단일로 - 기타,승용,여,56세,상해없음,보행자,남,16세,중상
2020012800100380,2020년 1월 28일 18시,화요일,부산광역시 수영구 수영동,중상사고,0,1,0,0,차대사람 - 기타,안전운전불이행,포장 - 건조,맑음,교차로 - 교차로안,승용,여,52세,상해없음,보행자,여,48세,중상
2020012800100475,2020년 1월 28일 21시,화요일,부산광역시 사상구 괘법동,부상신고사고,0,0,0,1,차대사람 - 길가장자리구역통행중,안전운전불이행,포장 - 건조,맑음,단일로 - 기타,승용,남,60세,상해없음,보행자,남,16세,부상신고
2020012800100496,2020년 1월 28일 22시,화요일,부산광역시 연제구 연산동,중상사고,0,1,1,0,차대사람 - 횡단중,신호위반,포장 - 건조,맑음,교차로 - 교차로안,이륜,남,22세,상해없음,보행자,여,39세,중상
2020012900100029,2020년 1월 29일 02시,수요일,부산광역시 해운대구 반송동,중상사고,0,1,0,0,차대사람 - 길가장자리구역통행중,교차로운행방법위반,포장 - 건조,맑음,교차로 - 교차로안,화물,남,61세,상해없음,보행자,여,67세,중상
2020012900100047,2020년 1월 29일 05시,수요일,부산광역시 사하구 감천동,경상사고,0,0,1,0,차대사람 - 횡단중,보행자보호의무위반,포장 - 건조,맑음,단일로 - 기타,승용,남,40세,상해없음,보행자,남,56세,경상
2020012900100088,2020년 1월 29일 08시,수요일,부산광역시 사하구 장림동,중상사고,0,1,0,0,차대사람 - 횡단중,기타,포장 - 건조,맑음,단일로 - 기타,승용,여,27세,상해없음,보행자,여,9세,중상
2020012900100336,2020년 1월 29일 17시,수요일,부산광역시 중구 중앙동1가,중상사고,0,1,0,0,차대사람 - 차도통행중,안전운전불이행,포장 - 젖음/습기,흐림,교차로 - 교차로안,화물,남,72세,상해없음,보행자,여,63세,중상
2020012900100411,2020년 1월 29일 19시,수요일,부산광역시 동래구 온천동,중상사고,0,1,0,0,차대사람 - 보도통행중,보행자보호의무위반,포장 - 건조,맑음,단일로 - 기타,승용,남,30세,상해없음,보행자,여,73세,중상
2020012900100484,2020년 1월 29일 22시,수요일,부산광역시 부산진구 개금동,중상사고,0,1,0,0,차대사람 - 횡단중,안전운전불이행,포장 - 젖음/습기,비,교차로 - 교차로횡단보도내,승용,남,60세,상해없음,보행자,남,46세,중상
2020013000100021,2020년 1월 30일 02시,목요일,부산광역시 해운대구 우동,중상사고,0,1,0,0,차대사람 - 횡단중,과속,포장 - 건조,맑음,교차로 - 교차로부근,승용,남,68세,상해없음,보행자,남,34세,중상
2020013000100100,2020년 1월 30일 08시,목요일,부산광역시 사하구 장림동,경상사고,0,0,1,0,차대사람 - 횡단중,보행자보호의무위반,포장 - 건조,맑음,교차로 - 교차로횡단보도내,승용,여,47세,상해없음,보행자,여,61세,경상
2020013000100170,2020년 1월 30일 10시,목요일,부산광역시 서구 아미동1가,경상사고,0,0,1,0,차대사람 - 보도통행중,안전운전불이행,포장 - 건조,맑음,교차로 - 교차로부근,승용,남,59세,상해없음,보행자,남,54세,경상
2020013000100234,2020년 1월 30일 12시,목요일,부산광역시 영도구 동삼동,중상사고,0,1,0,0,차대사람 - 기타,불법유턴,포장 - 건조,맑음,단일로 - 기타,화물,남,53세,상해없음,보행자,여,80세,중상
2020013000100269,2020년 1월 30일 13시,목요일,부산광역시 해운대구 반여동,경상사고,0,0,1,0,차대사람 - 횡단중,보행자보호의무위반,포장 - 건조,맑음,교차로 - 교차로횡단보도내,승용,여,35세,상해없음,보행자,여,70세,경상
2020013000100374,2020년 1월 30일 16시,목요일,부산광역시 동래구 명륜동,경상사고,0,0,1,0,차대사람 - 횡단중,보행자보호의무위반,포장 - 젖음/습기,흐림,교차로 - 교차로횡단보도내,승합,남,36세,상해없음,보행자,남,79세,경상
2020013000100402,2020년 1월 30일 17시,목요일,부산광역시 북구 화명동,경상사고,0,0,1,0,차대사람 - 보도통행중,기타,포장 - 건조,맑음,단일로 - 기타,승용,여,28세,상해없음,보행자,여,26세,경상
2020013000100437,2020년 1월 30일 18시,목요일,부산광역시 사상구 주례동,경상사고,0,0,1,0,차대사람 - 횡단중,안전운전불이행,포장 - 건조,맑음,교차로 - 교차로부근,이륜,남,50세,상해없음,보행자,남,58세,경상
2020013000100470,2020년 1월 30일 19시,목요일,부산광역시 해운대구 좌동,경상사고,0,0,1,0,차대사람 - 기타,안전운전불이행,포장 - 건조,맑음,미분류 - 미분류,승용,남,27세,상해없음,보행자,남,81세,경상
2020013100100261,2020년 1월 31일 14시,금요일,부산광역시 수영구 광안동,중상사고,0,1,0,0,차대사람 - 기타,안전운전불이행,포장 - 건조,맑음,교차로 - 교차로안,승용,여,39세,상해없음,보행자,여,50세,중상
2020013100100320,2020년 1월 31일 16시,금요일,부산광역시 동구 초량동,경상사고,0,0,1,0,차대사람 - 기타,안전운전불이행,포장 - 건조,맑음,단일로 - 기타,승용,여,52세,상해없음,보행자,여,56세,경상
2020013100100497,2020년 1월 31일 21시,금요일,부산광역시 부산진구 전포동,사망사고,1,0,0,0,차대사람 - 기타,안전운전불이행,포장 - 건조,맑음,교차로 - 교차로안,승용,여,23세,상해없음,보행자,여,30세,사망
2020013100100537,2020년 1월 31일 23시,금요일,부산광역시 연제구 연산동,경상사고,0,0,1,0,차대사람 - 횡단중,보행자보호의무위반,포장 - 건조,맑음,단일로 - 기타,이륜,남,25세,상해없음,보행자,남,57세,경상
2020020100100054,2020년 2월 1일 04시,토요일,부산광역시 남구 용호동,중상사고,0,1,0,0,차대사람 - 횡단중,신호위반,포장 - 건조,맑음,교차로 - 교차로부근,승용,남,46세,상해없음,보행자,여,83세,중상
2020020100100118,2020년 2월 1일 10시,토요일,부산광역시 남구 대연동,경상사고,0,0,1,0,차대사람 - 기타,신호위반,포장 - 건조,맑음,교차로 - 교차로횡단보도내,승용,여,50세,상해없음,보행자,남,24세,경상
2020020100100288,2020년 2월 1일 16시,토요일,부산광역시 금정구 부곡동,경상사고,0,0,1,0,차대사람 - 횡단중,보행자보호의무위반,포장 - 건조,맑음,교차로 - 교차로횡단보도내,승용,남,58세,상해없음,보행자,여,58세,경상
2020020100100336,2020년 2월 1일 18시,토요일,부산광역시 서구 서대신동2가,중상사고,0,1,0,0,차대사람 - 횡단중,안전운전불이행,포장 - 젖음/습기,흐림,교차로 - 교차로부근,승합,남,57세,상해없음,보행자,여,69세,중상
2020020100100411,2020년 2월 1일 21시,토요일,부산광역시 부산진구 전포동,경상사고,0,0,1,0,차대사람 - 기타,안전운전불이행,포장 - 건조,맑음,교차로 - 교차로부근,승용,남,51세,상해없음,보행자,여,38세,경상
2020020100100412,2020년 2월 1일 21시,토요일,부산광역시 금정구 구서동,경상사고,0,0,1,0,차대사람 - 횡단중,안전운전불이행,포장 - 건조,맑음,교차로 - 교차로안,승용,남,77세,상해없음,보행자,남,54세,경상
2020020100100447,2020년 2월 1일 23시,토요일,부산광역시 동구 초량동,경상사고,0,0,1,0,차대사람 - 기타,안전운전불이행,포장 - 건조,맑음,단일로 - 기타,승용,남,62세,상해없음,보행자,남,48세,경상
2020020200100006,2020년 2월 2일 00시,일요일,부산광역시 사상구 모라동,경상사고,0,0,1,0,차대사람 - 기타,안전운전불이행,포장 - 건조,맑음,교차로 - 교차로횡단보도내,승용,남,60세,상해없음,보행자,남,34세,경상
2020020200100026,2020년 2월 2일 01시,일요일,부산광역시 사하구 괴정동,부상신고사고,0,0,0,1,차대사람 - 기타,안전운전불이행,포장 - 건조,맑음,단일로 - 기타,기타불명,기타불명,미분류,기타불명,보행자,남,30세,부상신고
2020020200100103,2020년 2월 2일 09시,일요일,부산광역시 동구 수정동,경상사고,0,0,1,0,차대사람 - 횡단중,보행자보호의무위반,포장 - 건조,맑음,교차로 - 교차로횡단보도내,승용,남,55세,상해없음,보행자,여,71세,경상
2020020200100290,2020년 2월 2일 18시,일요일,부산광역시 연제구 연산동,부상신고사고,0,0,0,1,차대사람 - 길가장자리구역통행중,안전운전불이행,포장 - 건조,맑음,단일로 - 기타,승용,남,59세,상해없음,보행자,남,15세,부상신고
2020020300100078,2020년 2월 3일 08시,월요일,부산광역시 서구 서대신동3가,경상사고,0,0,1,0,차대사람 - 기타,안전운전불이행,포장 - 건조,맑음,단일로 - 기타,승용,남,43세,상해없음,보행자,남,59세,경상
2020020300100179,2020년 2월 3일 11시,월요일,부산광역시 남구 문현동,중상사고,0,1,0,0,차대사람 - 횡단중,안전운전불이행,포장 - 건조,맑음,교차로 - 교차로안,승용,여,73세,상해없음,보행자,여,85세,중상
2020020300100340,2020년 2월 3일 15시,월요일,부산광역시 연제구 연산동,중상사고,0,1,0,0,차대사람 - 횡단중,안전운전불이행,포장 - 건조,맑음,단일로 - 기타,승용,여,32세,상해없음,보행자,여,59세,중상
2020020400100095,2020년 2월 4일 08시,화요일,부산광역시 강서구 대저2동,경상사고,0,0,1,0,차대사람 - 기타,안전운전불이행,포장 - 건조,맑음,단일로 - 기타,화물,남,37세,상해없음,보행자,여,27세,경상
2020020400100096,2020년 2월 4일 08시,화요일,부산광역시 사상구 괘법동,경상사고,0,0,1,0,차대사람 - 길가장자리구역통행중,안전운전불이행,포장 - 건조,맑음,기타 - 기타,승용,남,70세,상해없음,보행자,여,36세,경상
2020020400100189,2020년 2월 4일 11시,화요일,부산광역시 해운대구 반송동,중상사고,0,1,0,0,차대사람 - 횡단중,안전운전불이행,포장 - 건조,맑음,교차로 - 교차로안,승용,여,63세,상해없음,보행자,여,68세,중상
2020020400100222,2020년 2월 4일 12시,화요일,부산광역시 연제구 연산동,경상사고,0,0,1,0,차대사람 - 횡단중,안전운전불이행,포장 - 건조,맑음,단일로 - 기타,승용,남,73세,상해없음,보행자,여,21세,경상
2020020400100278,2020년 2월 4일 14시,화요일,부산광역시 금정구 서동,중상사고,0,1,0,0,차대사람 - 기타,안전운전불이행,포장 - 건조,맑음,교차로 - 교차로안,승용,남,62세,상해없음,보행자,남,58세,중상
2020020400100351,2020년 2월 4일 16시,화요일,부산광역시 해운대구 반여동,경상사고,0,0,1,0,차대사람 - 길가장자리구역통행중,안전운전불이행,포장 - 건조,맑음,단일로 - 기타,승용,남,57세,상해없음,보행자,남,46세,경상
2020020400100352,2020년 2월 4일 16시,화요일,부산광역시 연제구 거제동,경상사고,0,0,1,0,차대사람 - 횡단중,신호위반,포장 - 건조,맑음,단일로 - 기타,승용,여,67세,상해없음,보행자,여,66세,경상
2020020400100439,2020년 2월 4일 18시,화요일,부산광역시 동래구 수안동,중상사고,0,1,0,0,차대사람 - 횡단중,보행자보호의무위반,포장 - 건조,맑음,교차로 - 교차로횡단보도내,화물,남,58세,상해없음,보행자,남,14세,중상
2020020400100502,2020년 2월 4일 19시,화요일,부산광역시 기장군 기장읍,중상사고,0,1,0,0,차대사람 - 길가장자리구역통행중,안전운전불이행,포장 - 건조,맑음,교차로 - 교차로안,승용,남,28세,상해없음,보행자,남,63세,중상
2020020400100545,2020년 2월 4일 20시,화요일,부산광역시 부산진구 부전동,중상사고,0,1,0,0,차대사람 - 횡단중,안전운전불이행,포장 - 건조,맑음,단일로 - 기타,이륜,남,18세,상해없음,보행자,남,18세,중상
2020020500100073,2020년 2월 5일 07시,수요일,부산광역시 수영구 망미동,경상사고,0,0,1,0,차대사람 - 횡단중,신호위반,포장 - 건조,맑음,교차로 - 교차로횡단보도내,승용,남,44세,상해없음,보행자,여,60세,경상
2020020500100244,2020년 2월 5일 12시,수요일,부산광역시 중구 보수동1가,중상사고,0,1,0,0,차대사람 - 횡단중,신호위반,포장 - 건조,맑음,단일로 - 고가도로위,승합,남,40세,상해없음,보행자,여,69세,중상
2020020500100310,2020년 2월 5일 14시,수요일,부산광역시 동래구 수안동,경상사고,0,0,1,0,차대사람 - 횡단중,신호위반,포장 - 건조,맑음,단일로 - 기타,승합,남,53세,상해없음,보행자,남,74세,경상
2020020500100381,2020년 2월 5일 16시,수요일,부산광역시 기장군 기장읍,중상사고,0,1,0,0,차대사람 - 횡단중,보행자보호의무위반,포장 - 건조,맑음,교차로 - 교차로안,승용,남,44세,상해없음,보행자,남,58세,중상
2020020500100423,2020년 2월 5일 17시,수요일,부산광역시 기장군 기장읍,중상사고,0,1,0,0,차대사람 - 횡단중,보행자보호의무위반,포장 - 건조,맑음,교차로 - 교차로횡단보도내,승용,여,35세,상해없음,보행자,여,53세,중상
2020020500100466,2020년 2월 5일 18시,수요일,부산광역시 수영구 광안동,중상사고,0,1,0,0,차대사람 - 기타,보행자보호의무위반,포장 - 건조,맑음,교차로 - 교차로부근,이륜,남,24세,상해없음,보행자,여,64세,중상
2020020500100613,2020년 2월 5일 21시,수요일,부산광역시 연제구 거제동,중상사고,0,1,0,0,차대사람 - 기타,신호위반,포장 - 건조,맑음,교차로 - 교차로횡단보도내,승용,남,66세,상해없음,보행자,여,44세,중상
2020020500100639,2020년 2월 5일 22시,수요일,부산광역시 해운대구 반송동,경상사고,0,0,1,0,차대사람 - 차도통행중,안전운전불이행,포장 - 건조,맑음,교차로 - 교차로부근,승용,여,39세,상해없음,보행자,남,51세,경상
2020020500100665,2020년 2월 5일 23시,수요일,부산광역시 부산진구 부전동,중상사고,0,1,0,0,차대사람 - 기타,안전운전불이행,포장 - 건조,맑음,단일로 - 기타,승용,남,67세,상해없음,보행자,여,19세,중상
2020020600100063,2020년 2월 6일 06시,목요일,부산광역시 연제구 거제동,경상사고,0,0,1,0,차대사람 - 횡단중,신호위반,포장 - 건조,맑음,단일로 - 기타,화물,남,53세,상해없음,보행자,여,57세,경상
2020020600100112,2020년 2월 6일 08시,목요일,부산광역시 부산진구 부암동,중상사고,0,1,0,0,차대사람 - 기타,안전운전불이행,포장 - 건조,맑음,교차로 - 교차로부근,승용,남,55세,상해없음,보행자,여,58세,중상
2020020600100361,2020년 2월 6일 15시,목요일,부산광역시 수영구 광안동,경상사고,0,0,1,0,차대사람 - 횡단중,안전운전불이행,포장 - 건조,맑음,교차로 - 교차로안,승용,남,28세,상해없음,보행자,여,31세,경상
2020020600100387,2020년 2월 6일 16시,목요일,부산광역시 영도구 동삼동,경상사고,0,0,1,0,차대사람 - 기타,안전운전불이행,포장 - 건조,맑음,단일로 - 기타,승용,남,23세,상해없음,보행자,남,57세,경상
2020020600100455,2020년 2월 6일 18시,목요일,부산광역시 사상구 주례동,경상사고,0,0,1,0,차대사람 - 보도통행중,보행자보호의무위반,포장 - 건조,맑음,교차로 - 교차로횡단보도내,승용,여,48세,상해없음,보행자,여,44세,경상
2020020600100503,2020년 2월 6일 19시,목요일,부산광역시 동래구 사직동,중상사고,0,1,0,0,차대사람 - 길가장자리구역통행중,안전운전불이행,포장 - 건조,맑음,단일로 - 기타,승용,여,58세,상해없음,보행자,여,52세,중상
2020020700100154,2020년 2월 7일 09시,금요일,부산광역시 동래구 명장동,경상사고,0,0,1,0,차대사람 - 기타,기타,포장 - 건조,맑음,단일로 - 기타,승합,남,42세,기타불명,보행자,여,26세,경상
2020020700100155,2020년 2월 7일 09시,금요일,부산광역시 금정구 서동,경상사고,0,0,1,0,차대사람 - 기타,안전운전불이행,포장 - 건조,맑음,단일로 - 기타,승용,여,41세,상해없음,보행자,남,60세,경상
2020020700100186,2020년 2월 7일 10시,금요일,부산광역시 동구 범일동,중상사고,0,1,0,0,차대사람 - 횡단중,안전운전불이행,포장 - 건조,맑음,단일로 - 기타,화물,남,40세,상해없음,보행자,여,68세,중상
2020020700100211,2020년 2월 7일 11시,금요일,부산광역시 강서구 송정동,경상사고,0,0,1,0,차대사람 - 횡단중,신호위반,포장 - 건조,맑음,교차로 - 교차로안,건설기계,남,65세,상해없음,보행자,여,57세,경상
2020020700100468,2020년 2월 7일 18시,금요일,부산광역시 남구 용호동,경상사고,0,0,1,0,차대사람 - 기타,안전운전불이행,포장 - 건조,맑음,단일로 - 기타,이륜,남,50세,상해없음,보행자,남,49세,경상
2020020700100469,2020년 2월 7일 18시,금요일,부산광역시 금정구 서동,중상사고,0,1,0,0,차대사람 - 횡단중,보행자보호의무위반,포장 - 건조,맑음,단일로 - 기타,승합,남,62세,상해없음,보행자,남,59세,중상
2020020700100536,2020년 2월 7일 19시,금요일,부산광역시 영도구 대교동1가,경상사고,0,0,1,0,차대사람 - 횡단중,안전운전불이행,포장 - 건조,맑음,단일로 - 기타,승용,남,61세,상해없음,보행자,남,23세,경상